-- MySQL dump 10.13  Distrib 5.7.44, for Linux (x86_64)
--
-- Host: localhost    Database: flaskdb
-- ------------------------------------------------------
-- Server version	5.7.44

/*!40101 SET @OLD_CHARACTER_SET_CLIENT=@@CHARACTER_SET_CLIENT */;
/*!40101 SET @OLD_CHARACTER_SET_RESULTS=@@CHARACTER_SET_RESULTS */;
/*!40101 SET @OLD_COLLATION_CONNECTION=@@COLLATION_CONNECTION */;
/*!40101 SET NAMES utf8 */;
/*!40103 SET @OLD_TIME_ZONE=@@TIME_ZONE */;
/*!40103 SET TIME_ZONE='+00:00' */;
/*!40014 SET @OLD_UNIQUE_CHECKS=@@UNIQUE_CHECKS, UNIQUE_CHECKS=0 */;
/*!40014 SET @OLD_FOREIGN_KEY_CHECKS=@@FOREIGN_KEY_CHECKS, FOREIGN_KEY_CHECKS=0 */;
/*!40101 SET @OLD_SQL_MODE=@@SQL_MODE, SQL_MODE='NO_AUTO_VALUE_ON_ZERO' */;
/*!40111 SET @OLD_SQL_NOTES=@@SQL_NOTES, SQL_NOTES=0 */;

--
-- Table structure for table `case_details_message`
--

DROP TABLE IF EXISTS `case_details_message`;
/*!40101 SET @saved_cs_client     = @@character_set_client */;
/*!40101 SET character_set_client = utf8 */;
CREATE TABLE `case_details_message` (
  `id` int(11) NOT NULL,
  `powerup` tinyint(1) DEFAULT NULL,
  `detalhesUtilizado` int(11) DEFAULT NULL,
  PRIMARY KEY (`id`),
  CONSTRAINT `case_details_message_ibfk_1` FOREIGN KEY (`id`) REFERENCES `message` (`id`)
) ENGINE=InnoDB DEFAULT CHARSET=latin1;
/*!40101 SET character_set_client = @saved_cs_client */;

--
-- Dumping data for table `case_details_message`
--

LOCK TABLES `case_details_message` WRITE;
/*!40000 ALTER TABLE `case_details_message` DISABLE KEYS */;
INSERT INTO `case_details_message` VALUES (79,1,1),(85,1,1),(97,1,1),(104,1,1),(117,1,1),(120,1,1),(121,1,1),(135,1,2),(157,1,1),(171,1,1),(182,1,1),(188,1,1),(218,1,1),(230,1,1),(247,1,2),(248,1,2),(249,1,2),(258,1,1),(271,1,3),(274,1,1),(277,1,1),(307,1,1),(317,1,1),(339,1,2),(340,1,1),(359,1,2),(365,1,2),(389,1,3),(401,1,4),(435,1,3),(436,1,5),(438,1,1),(450,1,6),(468,1,7),(500,1,1),(538,1,8),(615,1,9),(652,1,1),(667,1,10),(695,1,11),(705,1,1),(758,1,12),(818,1,2),(870,1,1),(966,1,1),(1137,1,1),(1142,1,1),(1207,1,1),(1296,1,1),(1302,1,1),(1377,1,1),(1392,1,2),(1560,1,1),(1692,1,1),(1698,1,1),(1746,1,2),(1750,1,1),(1777,1,2),(1793,1,1),(1802,1,3),(1813,1,1),(1821,1,2),(1827,1,3),(1891,1,1),(1919,1,1),(1935,1,2),(1946,1,4),(1962,1,3),(1977,1,5),(2055,1,1),(2100,1,1),(2212,1,1),(2297,1,1),(2325,1,1),(2358,1,1),(2382,1,1),(2417,1,1),(2418,1,1),(2432,1,2),(2518,1,1),(2540,1,1),(2571,1,2),(2647,1,3),(2701,1,4),(2753,1,1),(2837,1,1),(2866,1,1),(2872,1,2),(3047,1,1),(3048,1,1),(3062,1,1),(3108,1,2);
/*!40000 ALTER TABLE `case_details_message` ENABLE KEYS */;
UNLOCK TABLES;

--
-- Table structure for table `case_selected_message`
--

DROP TABLE IF EXISTS `case_selected_message`;
/*!40101 SET @saved_cs_client     = @@character_set_client */;
/*!40101 SET character_set_client = utf8 */;
CREATE TABLE `case_selected_message` (
  `id` int(11) NOT NULL,
  `caseID` int(11) DEFAULT NULL,
  PRIMARY KEY (`id`),
  CONSTRAINT `case_selected_message_ibfk_1` FOREIGN KEY (`id`) REFERENCES `message` (`id`)
) ENGINE=InnoDB DEFAULT CHARSET=latin1;
/*!40101 SET character_set_client = @saved_cs_client */;

--
-- Dumping data for table `case_selected_message`
--

LOCK TABLES `case_selected_message` WRITE;
/*!40000 ALTER TABLE `case_selected_message` DISABLE KEYS */;
INSERT INTO `case_selected_message` VALUES (232,0),(237,0),(305,0),(403,0),(446,0),(451,0),(464,0),(466,0),(477,0),(485,0),(494,0),(514,0),(540,0),(558,0),(592,0),(608,0),(624,0),(643,1),(683,0),(728,0),(843,1),(848,1),(849,1),(874,1),(877,0),(887,1),(899,0),(1025,0),(1156,2),(1191,1),(1219,1),(1236,0),(1240,2),(1246,2),(1337,2),(1425,1),(1442,1),(1584,1),(1648,1),(1725,1),(1817,2),(1838,0),(2006,1),(2008,1),(2029,0),(2032,0),(2099,0),(2103,1),(2118,2),(2128,2),(2133,1),(2165,2),(2202,1),(2266,0),(2328,1),(2335,2),(2387,2),(2396,2),(2400,2),(2439,1),(2459,1),(2465,1),(2472,1),(2488,0),(2516,0),(2522,2),(2755,2),(2769,2),(2826,2),(2833,2),(2907,2),(2927,1),(3059,2);
/*!40000 ALTER TABLE `case_selected_message` ENABLE KEYS */;
UNLOCK TABLES;

--
-- Table structure for table `game_mode_message`
--

DROP TABLE IF EXISTS `game_mode_message`;
/*!40101 SET @saved_cs_client     = @@character_set_client */;
/*!40101 SET character_set_client = utf8 */;
CREATE TABLE `game_mode_message` (
  `id` int(11) NOT NULL,
  `gameMode` int(11) DEFAULT NULL,
  PRIMARY KEY (`id`),
  CONSTRAINT `game_mode_message_ibfk_1` FOREIGN KEY (`id`) REFERENCES `message` (`id`)
) ENGINE=InnoDB DEFAULT CHARSET=latin1;
/*!40101 SET character_set_client = @saved_cs_client */;

--
-- Dumping data for table `game_mode_message`
--

LOCK TABLES `game_mode_message` WRITE;
/*!40000 ALTER TABLE `game_mode_message` DISABLE KEYS */;
INSERT INTO `game_mode_message` VALUES (204,2),(205,2),(266,2),(356,2),(392,2),(441,3),(442,2),(443,2),(455,2),(458,2),(479,2),(483,2),(484,2),(527,3),(557,2),(595,2),(603,3),(633,2),(666,2),(725,1),(816,1),(858,2),(896,2),(937,2),(1233,1),(1717,2),(1826,3),(2247,1);
/*!40000 ALTER TABLE `game_mode_message` ENABLE KEYS */;
UNLOCK TABLES;

--
-- Table structure for table `message`
--

DROP TABLE IF EXISTS `message`;
/*!40101 SET @saved_cs_client     = @@character_set_client */;
/*!40101 SET character_set_client = utf8 */;
CREATE TABLE `message` (
  `id` int(11) NOT NULL AUTO_INCREMENT,
  `messageType` varchar(30) NOT NULL,
  `time` datetime NOT NULL,
  `time_s` datetime NOT NULL,
  `playerID` int(11) NOT NULL,
  `gameID` int(11) NOT NULL,
  `resourceID` int(11) NOT NULL,
  PRIMARY KEY (`id`)
) ENGINE=InnoDB AUTO_INCREMENT=3113 DEFAULT CHARSET=latin1;
/*!40101 SET character_set_client = @saved_cs_client */;

--
-- Dumping data for table `message`
--

LOCK TABLES `message` WRITE;
/*!40000 ALTER TABLE `message` DISABLE KEYS */;
INSERT INTO `message` VALUES (1,'PlayGameMessage','2025-11-27 10:45:57','2025-11-27 10:45:59',123456,1,1),(2,'TimeStatsMessage','2025-11-27 10:45:57','2025-11-27 10:45:59',123456,1,1),(3,'PlayGameMessage','2025-11-27 10:54:23','2025-11-27 10:54:23',19669,1,1),(4,'TimeStatsMessage','2025-11-27 10:54:23','2025-11-27 10:54:23',19669,1,1),(5,'PlayGameMessage','2025-11-27 10:54:53','2025-11-27 10:55:57',25039,1,1),(6,'TimeStatsMessage','2025-11-27 10:54:53','2025-11-27 10:55:57',25039,1,1),(7,'PlayGameMessage','2025-11-27 10:56:04','2025-11-27 10:56:01',25015,1,1),(8,'TimeStatsMessage','2025-11-27 10:56:04','2025-11-27 10:56:01',25015,1,1),(9,'PlayGameMessage','2025-11-27 10:56:11','2025-11-27 10:56:04',25151,1,1),(10,'TimeStatsMessage','2025-11-27 10:56:11','2025-11-27 10:56:04',25151,1,1),(11,'PlayGameMessage','2025-11-27 10:56:15','2025-11-27 10:56:05',25184,1,1),(12,'TimeStatsMessage','2025-11-27 10:56:15','2025-11-27 10:56:05',25184,1,1),(13,'TimeStatsMessage','2025-11-27 10:55:07','2025-11-27 10:56:08',25270,1,1),(14,'PlayGameMessage','2025-11-27 10:55:07','2025-11-27 10:56:08',25270,1,1),(15,'PlayGameMessage','2025-11-27 10:57:13','2025-11-27 10:56:08',25121,1,1),(16,'TimeStatsMessage','2025-11-27 10:57:13','2025-11-27 10:56:08',25121,1,1),(17,'TimeStatsMessage','2025-11-27 10:58:13','2025-11-27 10:56:12',25203,1,1),(18,'PlayGameMessage','2025-11-27 10:58:13','2025-11-27 10:56:12',25203,1,1),(19,'TimeStatsMessage','2025-11-27 10:56:14','2025-11-27 10:56:17',25268,1,1),(20,'PlayGameMessage','2025-11-27 10:56:14','2025-11-27 10:56:17',25268,1,1),(21,'PlayGameMessage','2025-11-27 10:56:26','2025-11-27 10:56:27',25244,1,1),(22,'TimeStatsMessage','2025-11-27 10:56:26','2025-11-27 10:56:27',25244,1,1),(23,'PlayGameMessage','2025-11-27 10:56:44','2025-11-27 10:56:39',25191,1,1),(24,'TimeStatsMessage','2025-11-27 10:56:44','2025-11-27 10:56:39',25191,1,1),(25,'TimeStatsMessage','2025-11-27 10:56:42','2025-11-27 10:56:40',25315,1,1),(26,'PlayGameMessage','2025-11-27 10:56:42','2025-11-27 10:56:40',25315,1,1),(27,'PlayGameMessage','2025-11-27 10:56:43','2025-11-27 10:56:42',25089,1,1),(28,'TimeStatsMessage','2025-11-27 10:56:43','2025-11-27 10:56:42',25089,1,1),(29,'TimeStatsMessage','2025-11-27 10:56:45','2025-11-27 10:56:42',25352,1,1),(30,'PlayGameMessage','2025-11-27 10:56:45','2025-11-27 10:56:42',25352,1,1),(31,'WordValidationMessage','2025-11-27 10:56:55','2025-11-27 10:56:45',25184,1,1),(32,'PlayGameMessage','2025-11-27 10:56:01','2025-11-27 10:56:49',25364,1,1),(33,'TimeStatsMessage','2025-11-27 10:56:01','2025-11-27 10:56:49',25364,1,1),(34,'TimeStatsMessage','2025-11-27 10:56:52','2025-11-27 10:56:52',25098,1,1),(35,'PlayGameMessage','2025-11-27 10:56:52','2025-11-27 10:56:52',25098,1,1),(36,'WordValidationMessage','2025-11-27 10:58:53','2025-11-27 10:56:53',25203,1,1),(37,'WordValidationMessage','2025-11-27 10:58:56','2025-11-27 10:56:56',25203,1,1),(38,'WordValidationMessage','2025-11-27 10:58:57','2025-11-27 10:56:56',25203,1,1),(39,'WordSendMessage','2025-11-27 10:57:07','2025-11-27 10:56:57',25184,1,1),(40,'PlayGameMessage','2025-11-27 10:57:57','2025-11-27 10:56:57',25120,1,1),(41,'TimeStatsMessage','2025-11-27 10:57:57','2025-11-27 10:56:57',25120,1,1),(42,'WordValidationMessage','2025-11-27 10:59:02','2025-11-27 10:57:01',25203,1,1),(43,'WordValidationMessage','2025-11-27 10:59:05','2025-11-27 10:57:05',25203,1,1),(44,'WordValidationMessage','2025-11-27 10:59:07','2025-11-27 10:57:07',25203,1,1),(45,'PlayGameMessage','2025-11-27 10:57:10','2025-11-27 10:57:09',25218,1,1),(46,'TimeStatsMessage','2025-11-27 10:57:10','2025-11-27 10:57:09',25218,1,1),(47,'WordValidationMessage','2025-11-27 10:56:09','2025-11-27 10:57:09',25270,1,1),(48,'WordValidationMessage','2025-11-27 10:56:06','2025-11-27 10:57:10',25039,1,1),(49,'WordValidationMessage','2025-11-27 10:56:10','2025-11-27 10:57:10',25270,1,1),(50,'WordValidationMessage','2025-11-27 10:57:14','2025-11-27 10:57:11',25352,1,1),(51,'PlayGameMessage','2025-11-27 10:57:11','2025-11-27 10:57:12',25146,1,1),(52,'TimeStatsMessage','2025-11-27 10:57:11','2025-11-27 10:57:12',25146,1,1),(53,'WordValidationMessage','2025-11-27 10:57:18','2025-11-27 10:57:16',25352,1,1),(54,'WordSendMessage','2025-11-27 10:59:16','2025-11-27 10:57:16',25203,1,1),(55,'WordValidationMessage','2025-11-27 10:56:13','2025-11-27 10:57:17',25039,1,1),(56,'WordValidationMessage','2025-11-27 10:56:13','2025-11-27 10:57:17',25039,1,1),(57,'WordValidationMessage','2025-11-27 10:56:17','2025-11-27 10:57:17',25270,1,1),(58,'WordValidationMessage','2025-11-27 10:57:20','2025-11-27 10:57:17',25352,1,1),(59,'WordValidationMessage','2025-11-27 10:57:22','2025-11-27 10:57:21',25315,1,1),(60,'WordValidationMessage','2025-11-27 10:56:18','2025-11-27 10:57:21',25039,1,1),(61,'WordValidationMessage','2025-11-27 10:58:26','2025-11-27 10:57:21',25121,1,1),(62,'WordValidationMessage','2025-11-27 10:57:25','2025-11-27 10:57:22',25352,1,1),(63,'TimeStatsMessage','2025-11-27 10:59:40','2025-11-27 10:57:23',25370,1,1),(64,'PlayGameMessage','2025-11-27 10:59:40','2025-11-27 10:57:23',25370,1,1),(65,'PowerUpMessage','2025-11-27 10:57:34','2025-11-27 10:57:24',25184,1,1),(66,'WordValidationMessage','2025-11-27 10:57:26','2025-11-27 10:57:24',25315,1,1),(67,'WordValidationMessage','2025-11-27 10:58:29','2025-11-27 10:57:24',25121,1,1),(68,'WordValidationMessage','2025-11-27 10:58:33','2025-11-27 10:57:28',25121,1,1),(69,'WordValidationMessage','2025-11-27 10:57:30','2025-11-27 10:57:29',25315,1,1),(70,'WordValidationMessage','2025-11-27 10:57:34','2025-11-27 10:57:33',25315,1,1),(71,'WordSendMessage','2025-11-27 10:56:32','2025-11-27 10:57:33',25270,1,1),(72,'WordValidationMessage','2025-11-27 10:57:37','2025-11-27 10:57:35',25315,1,1),(73,'WordValidationMessage','2025-11-27 10:57:38','2025-11-27 10:57:36',25315,1,1),(74,'PowerUpMessage','2025-11-27 10:59:40','2025-11-27 10:57:39',25203,1,1),(75,'WordSendMessage','2025-11-27 10:58:47','2025-11-27 10:57:42',25121,1,1),(76,'WordSendMessage','2025-11-27 10:56:39','2025-11-27 10:57:43',25039,1,1),(77,'TimeStatsMessage','2025-11-27 10:57:44','2025-11-27 10:57:44',25123,1,1),(78,'PlayGameMessage','2025-11-27 10:57:44','2025-11-27 10:57:44',25123,1,1),(79,'CaseDetailsMessage','2025-11-27 10:57:56','2025-11-27 10:57:46',25184,1,1),(80,'WordValidationMessage','2025-11-27 10:57:43','2025-11-27 10:57:46',25268,1,1),(81,'WordSendMessage','2025-11-27 10:57:51','2025-11-27 10:57:48',25352,1,1),(82,'WordValidationMessage','2025-11-27 10:57:56','2025-11-27 10:57:49',25151,1,1),(83,'PlayGameMessage','2025-11-27 10:57:50','2025-11-27 10:57:51',25065,1,1),(84,'TimeStatsMessage','2025-11-27 10:57:50','2025-11-27 10:57:51',25065,1,1),(85,'CaseDetailsMessage','2025-11-27 10:59:52','2025-11-27 10:57:51',25203,1,1),(86,'WordSendMessage','2025-11-27 10:57:54','2025-11-27 10:57:57',25268,1,1),(87,'WordSendMessage','2025-11-27 10:58:04','2025-11-27 10:57:57',25151,1,1),(88,'WordSendMessage','2025-11-27 10:56:58','2025-11-27 10:57:59',25270,1,1),(89,'PowerUpMessage','2025-11-27 10:57:01','2025-11-27 10:58:01',25270,1,1),(90,'PowerUpMessage','2025-11-27 10:59:07','2025-11-27 10:58:02',25121,1,1),(91,'WordSendMessage','2025-11-27 10:57:59','2025-11-27 10:58:02',25268,1,1),(92,'WordValidationMessage','2025-11-27 10:58:03','2025-11-27 10:58:02',25218,1,1),(93,'PowerUpMessage','2025-11-27 10:58:05','2025-11-27 10:58:03',25352,1,1),(94,'WordValidationMessage','2025-11-27 10:58:03','2025-11-27 10:58:04',25244,1,1),(95,'WordValidationMessage','2025-11-27 10:58:16','2025-11-27 10:58:06',25184,1,1),(96,'WordValidationMessage','2025-11-27 10:58:09','2025-11-27 10:58:06',25015,1,1),(97,'CaseDetailsMessage','2025-11-27 10:59:14','2025-11-27 10:58:09',25121,1,1),(98,'WordValidationMessage','2025-11-27 11:00:10','2025-11-27 10:58:09',25203,1,1),(99,'PowerUpMessage','2025-11-27 10:58:06','2025-11-27 10:58:10',25268,1,1),(100,'WordSendMessage','2025-11-27 10:58:21','2025-11-27 10:58:11',25184,1,1),(101,'WordSendMessage','2025-11-27 10:58:14','2025-11-27 10:58:11',25015,1,1),(102,'WordSendMessage','2025-11-27 10:57:11','2025-11-27 10:58:11',25270,1,1),(103,'WordValidationMessage','2025-11-27 10:57:23','2025-11-27 10:58:12',25364,1,1),(104,'CaseDetailsMessage','2025-11-27 10:58:14','2025-11-27 10:58:12',25352,1,1),(105,'PowerUpMessage','2025-11-27 10:58:19','2025-11-27 10:58:12',25151,1,1),(106,'WordValidationMessage','2025-11-27 10:57:25','2025-11-27 10:58:13',25364,1,1),(107,'WordValidationMessage','2025-11-27 10:58:15','2025-11-27 10:58:14',25218,1,1),(108,'WordValidationMessage','2025-11-27 10:57:26','2025-11-27 10:58:14',25364,1,1),(109,'WordSendMessage','2025-11-27 11:00:15','2025-11-27 10:58:14',25203,1,1),(110,'PowerUpMessage','2025-11-27 10:57:11','2025-11-27 10:58:14',25039,1,1),(111,'WordSendMessage','2025-11-27 10:58:16','2025-11-27 10:58:15',25315,1,1),(112,'WordSendMessage','2025-11-27 10:58:15','2025-11-27 10:58:15',25244,1,1),(113,'WordValidationMessage','2025-11-27 10:57:28','2025-11-27 10:58:16',25364,1,1),(114,'PowerUpMessage','2025-11-27 11:00:17','2025-11-27 10:58:17',25203,1,1),(115,'WordValidationMessage','2025-11-27 10:58:21','2025-11-27 10:58:18',25352,1,1),(116,'WordValidationMessage','2025-11-27 11:00:20','2025-11-27 10:58:19',25203,1,1),(117,'CaseDetailsMessage','2025-11-27 10:58:27','2025-11-27 10:58:20',25151,1,1),(118,'WordValidationMessage','2025-11-27 10:58:23','2025-11-27 10:58:20',25352,1,1),(119,'WordValidationMessage','2025-11-27 10:59:26','2025-11-27 10:58:21',25121,1,1),(120,'CaseDetailsMessage','2025-11-27 10:57:21','2025-11-27 10:58:22',25270,1,1),(121,'CaseDetailsMessage','2025-11-27 10:58:19','2025-11-27 10:58:22',25268,1,1),(122,'WordValidationMessage','2025-11-27 10:57:34','2025-11-27 10:58:23',25364,1,1),(123,'WordValidationMessage','2025-11-27 10:58:24','2025-11-27 10:58:23',25089,1,1),(124,'WordSendMessage','2025-11-27 11:00:24','2025-11-27 10:58:24',25203,1,1),(125,'PowerUpMessage','2025-11-27 10:58:38','2025-11-27 10:58:28',25184,1,1),(126,'WordValidationMessage','2025-11-27 10:58:28','2025-11-27 10:58:29',25098,1,1),(127,'WordValidationMessage','2025-11-27 10:58:32','2025-11-27 10:58:29',25352,1,1),(128,'PowerUpMessage','2025-11-27 11:00:30','2025-11-27 10:58:29',25203,1,1),(129,'WordValidationMessage','2025-11-27 10:58:35','2025-11-27 10:58:30',25191,1,1),(130,'WordValidationMessage','2025-11-27 10:57:43','2025-11-27 10:58:31',25364,1,1),(131,'WordValidationMessage','2025-11-27 10:58:42','2025-11-27 10:58:32',25184,1,1),(132,'WordValidationMessage','2025-11-27 11:00:33','2025-11-27 10:58:32',25203,1,1),(133,'WordSendMessage','2025-11-27 11:00:36','2025-11-27 10:58:35',25203,1,1),(134,'WordSendMessage','2025-11-27 10:58:46','2025-11-27 10:58:36',25184,1,1),(135,'CaseDetailsMessage','2025-11-27 10:59:42','2025-11-27 10:58:37',25121,1,1),(136,'WordSendMessage','2025-11-27 10:58:39','2025-11-27 10:58:37',25089,1,1),(137,'WordSendMessage','2025-11-27 10:58:37','2025-11-27 10:58:37',25098,1,1),(138,'WordSendMessage','2025-11-27 10:58:42','2025-11-27 10:58:37',25191,1,1),(139,'WordValidationMessage','2025-11-27 10:57:50','2025-11-27 10:58:38',25364,1,1),(140,'PowerUpMessage','2025-11-27 10:58:38','2025-11-27 10:58:38',25244,1,1),(141,'WordValidationMessage','2025-11-27 10:57:51','2025-11-27 10:58:39',25364,1,1),(142,'WordValidationMessage','2025-11-27 10:58:44','2025-11-27 10:58:41',25352,1,1),(143,'PowerUpMessage','2025-11-27 10:58:44','2025-11-27 10:58:41',25015,1,1),(144,'WordSendMessage','2025-11-27 11:00:42','2025-11-27 10:58:41',25203,1,1),(145,'WordValidationMessage','2025-11-27 10:57:41','2025-11-27 10:58:42',25270,1,1),(146,'WordSendMessage','2025-11-27 10:59:47','2025-11-27 10:58:42',25121,1,1),(147,'PowerUpMessage','2025-11-27 10:58:45','2025-11-27 10:58:43',25352,1,1),(148,'WordSendMessage','2025-11-27 10:58:45','2025-11-27 10:58:45',25098,1,1),(149,'WordValidationMessage','2025-11-27 11:01:03','2025-11-27 10:58:45',25370,1,1),(150,'WordValidationMessage','2025-11-27 10:58:53','2025-11-27 10:58:46',25151,1,1),(151,'WordValidationMessage','2025-11-27 10:58:42','2025-11-27 10:58:46',25268,1,1),(152,'WordValidationMessage','2025-11-27 11:00:47','2025-11-27 10:58:47',25203,1,1),(153,'WordSendMessage','2025-11-27 11:00:49','2025-11-27 10:58:48',25203,1,1),(154,'WordSendMessage','2025-11-27 11:00:50','2025-11-27 10:58:50',25203,1,1),(155,'WordSendMessage','2025-11-27 10:58:47','2025-11-27 10:58:50',25268,1,1),(156,'WordValidationMessage','2025-11-27 10:58:54','2025-11-27 10:58:51',25352,1,1),(157,'CaseDetailsMessage','2025-11-27 10:58:51','2025-11-27 10:58:51',25244,1,1),(158,'WordSendMessage','2025-11-27 10:58:53','2025-11-27 10:58:52',25218,1,1),(159,'WordSendMessage','2025-11-27 10:59:57','2025-11-27 10:58:52',25121,1,1),(160,'WordSendMessage','2025-11-27 10:58:05','2025-11-27 10:58:53',25364,1,1),(161,'WordSendMessage','2025-11-27 10:59:01','2025-11-27 10:58:54',25151,1,1),(162,'WordValidationMessage','2025-11-27 10:58:53','2025-11-27 10:58:55',25146,1,1),(163,'WordSendMessage','2025-11-27 11:01:12','2025-11-27 10:58:55',25370,1,1),(164,'WordValidationMessage','2025-11-27 10:58:58','2025-11-27 10:58:55',25352,1,1),(165,'WordSendMessage','2025-11-27 10:58:57','2025-11-27 10:58:56',25218,1,1),(166,'PowerUpMessage','2025-11-27 10:59:06','2025-11-27 10:58:56',25184,1,1),(167,'WordSendMessage','2025-11-27 10:58:58','2025-11-27 10:58:57',25218,1,1),(168,'WordValidationMessage','2025-11-27 10:57:57','2025-11-27 10:58:57',25270,1,1),(169,'WordSendMessage','2025-11-27 10:58:09','2025-11-27 10:58:58',25364,1,1),(170,'WordValidationMessage','2025-11-27 10:59:01','2025-11-27 10:58:59',25352,1,1),(171,'CaseDetailsMessage','2025-11-27 10:59:02','2025-11-27 10:58:59',25015,1,1),(172,'WordValidationMessage','2025-11-27 10:59:03','2025-11-27 10:59:00',25352,1,1),(173,'PowerUpMessage','2025-11-27 10:59:05','2025-11-27 10:59:01',25191,1,1),(174,'WordSendMessage','2025-11-27 11:01:02','2025-11-27 10:59:02',25203,1,1),(175,'WordValidationMessage','2025-11-27 10:59:02','2025-11-27 10:59:03',25244,1,1),(176,'WordValidationMessage','2025-11-27 10:59:02','2025-11-27 10:59:03',25244,1,1),(177,'WordValidationMessage','2025-11-27 10:59:04','2025-11-27 10:59:05',25244,1,1),(178,'WordValidationMessage','2025-11-27 10:59:17','2025-11-27 10:59:07',25184,1,1),(179,'WordValidationMessage','2025-11-27 10:59:06','2025-11-27 10:59:07',25244,1,1),(180,'PowerUpMessage','2025-11-27 10:59:08','2025-11-27 10:59:07',25218,1,1),(181,'PowerUpMessage','2025-11-27 10:59:10','2025-11-27 10:59:08',25352,1,1),(182,'CaseDetailsMessage','2025-11-27 10:58:04','2025-11-27 10:59:08',25039,1,1),(183,'WordValidationMessage','2025-11-27 10:59:12','2025-11-27 10:59:10',25315,1,1),(184,'WordSendMessage','2025-11-27 11:01:28','2025-11-27 10:59:10',25370,1,1),(185,'WordValidationMessage','2025-11-27 11:00:16','2025-11-27 10:59:11',25121,1,1),(186,'WordValidationMessage','2025-11-27 10:59:13','2025-11-27 10:59:11',25352,1,1),(187,'WordSendMessage','2025-11-27 10:59:21','2025-11-27 10:59:11',25184,1,1),(188,'CaseDetailsMessage','2025-11-27 10:59:13','2025-11-27 10:59:12',25218,1,1),(189,'WordValidationMessage','2025-11-27 10:59:16','2025-11-27 10:59:13',25352,1,1),(190,'WordValidationMessage','2025-11-27 11:00:14','2025-11-27 10:59:13',25120,1,1),(191,'WordValidationMessage','2025-11-27 10:59:13','2025-11-27 10:59:14',25244,1,1),(192,'WordValidationMessage','2025-11-27 10:58:14','2025-11-27 10:59:15',25270,1,1),(193,'PowerUpMessage','2025-11-27 10:59:11','2025-11-27 10:59:15',25268,1,1),(194,'WordSendMessage','2025-11-27 10:59:17','2025-11-27 10:59:16',25315,1,1),(195,'WordValidationMessage','2025-11-27 10:59:15','2025-11-27 10:59:16',25244,1,1),(196,'PowerUpMessage','2025-11-27 10:58:16','2025-11-27 10:59:17',25270,1,1),(197,'PowerUpMessage','2025-11-27 10:59:20','2025-11-27 10:59:18',25089,1,1),(198,'PowerUpMessage','2025-11-27 10:59:25','2025-11-27 10:59:18',25151,1,1),(199,'PowerUpMessage','2025-11-27 10:59:20','2025-11-27 10:59:20',25098,1,1),(200,'PlayGameMessage','2025-11-27 10:59:20','2025-11-27 10:59:20',25123,1,1),(201,'TimeStatsMessage','2025-11-27 10:59:20','2025-11-27 10:59:20',25123,1,1),(202,'WordValidationMessage','2025-11-27 10:58:20','2025-11-27 10:59:21',25270,1,1),(203,'PowerUpMessage','2025-11-27 11:00:26','2025-11-27 10:59:21',25121,1,1),(204,'GameModeMessage','2025-11-27 10:58:35','2025-11-27 10:59:23',25364,1,1),(205,'GameModeMessage','2025-11-27 11:01:24','2025-11-27 10:59:23',25203,1,1),(206,'WordValidationMessage','2025-11-27 10:58:20','2025-11-27 10:59:24',25039,1,1),(207,'WordValidationMessage','2025-11-27 10:59:35','2025-11-27 10:59:25',25184,1,1),(208,'WordValidationMessage','2025-11-27 10:59:28','2025-11-27 10:59:25',25352,1,1),(209,'WordValidationMessage','2025-11-27 10:59:25','2025-11-27 10:59:25',25065,1,1),(210,'WordValidationMessage','2025-11-27 11:00:31','2025-11-27 10:59:26',25121,1,1),(211,'WordValidationMessage','2025-11-27 10:59:36','2025-11-27 10:59:29',25151,1,1),(212,'WordValidationMessage','2025-11-27 10:59:32','2025-11-27 10:59:29',25015,1,1),(213,'WordSendMessage','2025-11-27 10:59:29','2025-11-27 10:59:30',25244,1,1),(214,'WordSendMessage','2025-11-27 10:59:28','2025-11-27 10:59:30',25146,1,1),(215,'WordSendMessage','2025-11-27 10:59:41','2025-11-27 10:59:31',25184,1,1),(216,'PowerUpMessage','2025-11-27 10:58:31','2025-11-27 10:59:31',25270,1,1),(217,'WordValidationMessage','2025-11-27 10:59:31','2025-11-27 10:59:32',25065,1,1),(218,'CaseDetailsMessage','2025-11-27 10:59:37','2025-11-27 10:59:32',25191,1,1),(219,'WordValidationMessage','2025-11-27 10:59:34','2025-11-27 10:59:33',25218,1,1),(220,'WordSendMessage','2025-11-27 11:00:38','2025-11-27 10:59:33',25121,1,1),(221,'WordValidationMessage','2025-11-27 10:59:33','2025-11-27 10:59:34',25065,1,1),(222,'WordValidationMessage','2025-11-27 10:59:37','2025-11-27 10:59:35',25315,1,1),(223,'WordValidationMessage','2025-11-27 10:59:38','2025-11-27 10:59:35',25352,1,1),(224,'WordSendMessage','2025-11-27 10:59:35','2025-11-27 10:59:35',25244,1,1),(225,'WordValidationMessage','2025-11-27 10:59:35','2025-11-27 10:59:36',25065,1,1),(226,'WordValidationMessage','2025-11-27 10:59:33','2025-11-27 10:59:36',25268,1,1),(227,'WordValidationMessage','2025-11-27 10:59:40','2025-11-27 10:59:37',25015,1,1),(228,'WordSendMessage','2025-11-27 11:00:38','2025-11-27 10:59:37',25120,1,1),(229,'WordValidationMessage','2025-11-27 10:59:38','2025-11-27 10:59:37',25218,1,1),(230,'CaseDetailsMessage','2025-11-27 10:59:38','2025-11-27 10:59:38',25098,1,1),(231,'WordSendMessage','2025-11-27 10:59:45','2025-11-27 10:59:38',25151,1,1),(232,'CaseSelectedMessage','2025-11-27 11:01:39','2025-11-27 10:59:38',25203,1,1),(233,'TimeStatsMessage','2025-11-27 11:01:39','2025-11-27 10:59:38',25203,1,1),(234,'WordValidationMessage','2025-11-27 10:58:36','2025-11-27 10:59:39',25039,1,1),(235,'WordSendMessage','2025-11-27 11:01:57','2025-11-27 10:59:40',25370,1,1),(236,'WordSendMessage','2025-11-27 10:59:37','2025-11-27 10:59:40',25268,1,1),(237,'CaseSelectedMessage','2025-11-27 10:58:52','2025-11-27 10:59:40',25364,1,1),(238,'TimeStatsMessage','2025-11-27 10:58:52','2025-11-27 10:59:40',25364,1,1),(239,'WordValidationMessage','2025-11-27 10:59:42','2025-11-27 10:59:41',25218,1,1),(240,'WordValidationMessage','2025-11-27 10:59:42','2025-11-27 10:59:42',25065,1,1),(241,'WordSendMessage','2025-11-27 11:00:46','2025-11-27 10:59:45',25120,1,1),(242,'WordSendMessage','2025-11-27 10:59:45','2025-11-27 10:59:45',25244,1,1),(243,'WordValidationMessage','2025-11-27 11:01:46','2025-11-27 10:59:45',25203,1,1),(244,'WordValidationMessage','2025-11-27 11:00:51','2025-11-27 10:59:46',25121,1,1),(245,'WordSendMessage','2025-11-27 10:59:59','2025-11-27 10:59:49',25184,1,1),(246,'WordSendMessage','2025-11-27 10:59:49','2025-11-27 10:59:49',25065,1,1),(247,'CaseDetailsMessage','2025-11-27 10:59:57','2025-11-27 10:59:50',25151,1,1),(248,'CaseDetailsMessage','2025-11-27 10:59:55','2025-11-27 10:59:50',25191,1,1),(249,'CaseDetailsMessage','2025-11-27 10:59:50','2025-11-27 10:59:51',25244,1,1),(250,'WordValidationMessage','2025-11-27 10:59:51','2025-11-27 10:59:52',25098,1,1),(251,'WordSendMessage','2025-11-27 11:00:52','2025-11-27 10:59:52',25120,1,1),(252,'WordValidationMessage','2025-11-27 10:59:04','2025-11-27 10:59:52',25364,1,1),(253,'PowerUpMessage','2025-11-27 11:02:10','2025-11-27 10:59:53',25370,1,1),(254,'WordValidationMessage','2025-11-27 10:59:50','2025-11-27 10:59:54',25268,1,1),(255,'WordSendMessage','2025-11-27 10:59:56','2025-11-27 10:59:54',25315,1,1),(256,'WordSendMessage','2025-11-27 11:01:55','2025-11-27 10:59:54',25203,1,1),(257,'WordValidationMessage','2025-11-27 10:58:52','2025-11-27 10:59:56',25039,1,1),(258,'CaseDetailsMessage','2025-11-27 10:59:59','2025-11-27 10:59:57',25089,1,1),(259,'WordSendMessage','2025-11-27 11:01:58','2025-11-27 10:59:58',25203,1,1),(260,'WordValidationMessage','2025-11-27 10:59:58','2025-11-27 10:59:58',25098,1,1),(261,'WordValidationMessage','2025-11-27 10:59:12','2025-11-27 11:00:01',25364,1,1),(262,'PowerUpMessage','2025-11-27 11:01:06','2025-11-27 11:00:01',25121,1,1),(263,'PowerUpMessage','2025-11-27 10:59:58','2025-11-27 11:00:01',25268,1,1),(264,'WordSendMessage','2025-11-27 11:00:04','2025-11-27 11:00:02',25015,1,1),(265,'WordValidationMessage','2025-11-27 11:00:07','2025-11-27 11:00:02',25191,1,1),(266,'GameModeMessage','2025-11-27 11:00:12','2025-11-27 11:00:02',25184,1,1),(267,'PowerUpMessage','2025-11-27 11:00:01','2025-11-27 11:00:02',25146,1,1),(268,'WordSendMessage','2025-11-27 11:00:02','2025-11-27 11:00:02',25065,1,1),(269,'WordValidationMessage','2025-11-27 10:59:15','2025-11-27 11:00:04',25364,1,1),(270,'WordSendMessage','2025-11-27 11:00:04','2025-11-27 11:00:05',25065,1,1),(271,'CaseDetailsMessage','2025-11-27 11:00:10','2025-11-27 11:00:05',25191,1,1),(272,'WordSendMessage','2025-11-27 11:00:08','2025-11-27 11:00:06',25352,1,1),(273,'WordValidationMessage','2025-11-27 11:00:02','2025-11-27 11:00:06',25268,1,1),(274,'CaseDetailsMessage','2025-11-27 11:02:24','2025-11-27 11:00:07',25370,1,1),(275,'WordValidationMessage','2025-11-27 11:00:14','2025-11-27 11:00:07',25151,1,1),(276,'WordValidationMessage','2025-11-27 11:00:09','2025-11-27 11:00:08',25218,1,1),(277,'CaseDetailsMessage','2025-11-27 10:59:20','2025-11-27 11:00:08',25364,1,1),(278,'WordValidationMessage','2025-11-27 11:02:09','2025-11-27 11:00:09',25203,1,1),(279,'WordSendMessage','2025-11-27 11:00:12','2025-11-27 11:00:10',25015,1,1),(280,'WordSendMessage','2025-11-27 11:00:06','2025-11-27 11:00:10',25268,1,1),(281,'WordSendMessage','2025-11-27 11:00:17','2025-11-27 11:00:10',25151,1,1),(282,'WordValidationMessage','2025-11-27 11:00:11','2025-11-27 11:00:10',25218,1,1),(283,'WordValidationMessage','2025-11-27 10:59:09','2025-11-27 11:00:12',25039,1,1),(284,'WordValidationMessage','2025-11-27 11:01:17','2025-11-27 11:00:12',25121,1,1),(285,'WordValidationMessage','2025-11-27 11:02:14','2025-11-27 11:00:13',25203,1,1),(286,'WordSendMessage','2025-11-27 11:00:16','2025-11-27 11:00:14',25352,1,1),(287,'WordSendMessage','2025-11-27 11:00:11','2025-11-27 11:00:15',25268,1,1),(288,'WordValidationMessage','2025-11-27 11:00:16','2025-11-27 11:00:15',25218,1,1),(289,'PowerUpMessage','2025-11-27 11:02:16','2025-11-27 11:00:15',25203,1,1),(290,'WordValidationMessage','2025-11-27 10:59:12','2025-11-27 11:00:16',25039,1,1),(291,'WordSendMessage','2025-11-27 11:00:21','2025-11-27 11:00:16',25191,1,1),(292,'WordSendMessage','2025-11-27 11:00:16','2025-11-27 11:00:16',25065,1,1),(293,'WordValidationMessage','2025-11-27 11:00:18','2025-11-27 11:00:17',25218,1,1),(294,'WordValidationMessage','2025-11-27 11:02:18','2025-11-27 11:00:17',25203,1,1),(295,'WordSendMessage','2025-11-27 11:00:14','2025-11-27 11:00:18',25268,1,1),(296,'PowerUpMessage','2025-11-27 11:01:19','2025-11-27 11:00:18',25120,1,1),(297,'WordValidationMessage','2025-11-27 11:00:18','2025-11-27 11:00:18',25098,1,1),(298,'WordSendMessage','2025-11-27 11:00:18','2025-11-27 11:00:19',25065,1,1),(299,'WordSendMessage','2025-11-27 11:01:24','2025-11-27 11:00:19',25121,1,1),(300,'WordSendMessage','2025-11-27 10:59:19','2025-11-27 11:00:22',25039,1,1),(301,'WordSendMessage','2025-11-27 11:00:30','2025-11-27 11:00:27',25352,1,1),(302,'WordSendMessage','2025-11-27 11:01:33','2025-11-27 11:00:28',25121,1,1),(303,'WordSendMessage','2025-11-27 10:59:25','2025-11-27 11:00:29',25039,1,1),(304,'PowerUpMessage','2025-11-27 11:00:34','2025-11-27 11:00:31',25352,1,1),(305,'CaseSelectedMessage','2025-11-27 11:00:42','2025-11-27 11:00:32',25184,1,1),(306,'TimeStatsMessage','2025-11-27 11:00:42','2025-11-27 11:00:32',25184,1,1),(307,'CaseDetailsMessage','2025-11-27 11:00:31','2025-11-27 11:00:32',25146,1,1),(308,'WordSendMessage','2025-11-27 11:00:35','2025-11-27 11:00:34',25218,1,1),(309,'WordSendMessage','2025-11-27 11:02:35','2025-11-27 11:00:35',25203,1,1),(310,'WordValidationMessage','2025-11-27 11:00:43','2025-11-27 11:00:36',25151,1,1),(311,'WordSendMessage','2025-11-27 11:00:38','2025-11-27 11:00:37',25315,1,1),(312,'WordValidationMessage','2025-11-27 11:00:38','2025-11-27 11:00:38',25244,1,1),(313,'WordSendMessage','2025-11-27 10:59:38','2025-11-27 11:00:39',25270,1,1),(314,'WordSendMessage','2025-11-27 11:00:42','2025-11-27 11:00:39',25352,1,1),(315,'WordSendMessage','2025-11-27 11:00:39','2025-11-27 11:00:39',25065,1,1),(316,'WordSendMessage','2025-11-27 11:00:39','2025-11-27 11:00:40',25098,1,1),(317,'CaseDetailsMessage','2025-11-27 11:01:42','2025-11-27 11:00:42',25120,1,1),(318,'WordSendMessage','2025-11-27 11:00:49','2025-11-27 11:00:42',25151,1,1),(319,'WordValidationMessage','2025-11-27 11:00:45','2025-11-27 11:00:43',25089,1,1),(320,'WordValidationMessage','2025-11-27 11:00:40','2025-11-27 11:00:43',25268,1,1),(321,'WordSendMessage','2025-11-27 11:00:44','2025-11-27 11:00:44',25098,1,1),(322,'WordSendMessage','2025-11-27 11:00:44','2025-11-27 11:00:45',25244,1,1),(323,'WordValidationMessage','2025-11-27 11:00:56','2025-11-27 11:00:46',25184,1,1),(324,'WordSendMessage','2025-11-27 11:00:42','2025-11-27 11:00:46',25268,1,1),(325,'WordValidationMessage','2025-11-27 11:00:52','2025-11-27 11:00:47',25191,1,1),(326,'WordSendMessage','2025-11-27 10:59:47','2025-11-27 11:00:48',25270,1,1),(327,'WordSendMessage','2025-11-27 11:00:47','2025-11-27 11:00:48',25244,1,1),(328,'WordSendMessage','2025-11-27 11:00:58','2025-11-27 11:00:48',25184,1,1),(329,'WordSendMessage','2025-11-27 11:00:50','2025-11-27 11:00:49',25218,1,1),(330,'WordSendMessage','2025-11-27 10:59:49','2025-11-27 11:00:49',25270,1,1),(331,'WordSendMessage','2025-11-27 11:00:49','2025-11-27 11:00:49',25098,1,1),(332,'WordSendMessage','2025-11-27 11:00:52','2025-11-27 11:00:49',25352,1,1),(333,'PowerUpMessage','2025-11-27 11:00:50','2025-11-27 11:00:50',25065,1,1),(334,'WordSendMessage','2025-11-27 11:02:51','2025-11-27 11:00:51',25203,1,1),(335,'WordSendMessage','2025-11-27 10:59:55','2025-11-27 11:00:55',25270,1,1),(336,'WordSendMessage','2025-11-27 11:00:58','2025-11-27 11:00:55',25352,1,1),(337,'WordSendMessage','2025-11-27 11:01:01','2025-11-27 11:00:57',25191,1,1),(338,'WordSendMessage','2025-11-27 11:00:58','2025-11-27 11:00:57',25218,1,1),(339,'CaseDetailsMessage','2025-11-27 11:01:59','2025-11-27 11:00:58',25120,1,1),(340,'CaseDetailsMessage','2025-11-27 11:00:57','2025-11-27 11:00:58',25065,1,1),(341,'WordValidationMessage','2025-11-27 11:01:00','2025-11-27 11:01:02',25146,1,1),(342,'WordValidationMessage','2025-11-27 11:01:00','2025-11-27 11:01:02',25146,1,1),(343,'PowerUpMessage','2025-11-27 11:01:05','2025-11-27 11:01:02',25352,1,1),(344,'WordValidationMessage','2025-11-27 11:00:14','2025-11-27 11:01:02',25364,1,1),(345,'WordSendMessage','2025-11-27 11:01:09','2025-11-27 11:01:02',25151,1,1),(346,'WordValidationMessage','2025-11-27 11:01:02','2025-11-27 11:01:02',25065,1,1),(347,'WordSendMessage','2025-11-27 11:01:02','2025-11-27 11:01:03',25244,1,1),(348,'WordValidationMessage','2025-11-27 11:02:05','2025-11-27 11:01:04',25120,1,1),(349,'WordValidationMessage','2025-11-27 11:03:22','2025-11-27 11:01:04',25370,1,1),(350,'PowerUpMessage','2025-11-27 11:02:11','2025-11-27 11:01:06',25121,1,1),(351,'WordSendMessage','2025-11-27 11:00:18','2025-11-27 11:01:06',25364,1,1),(352,'WordValidationMessage','2025-11-27 11:01:07','2025-11-27 11:01:08',25146,1,1),(353,'WordSendMessage','2025-11-27 11:03:09','2025-11-27 11:01:09',25203,1,1),(354,'WordSendMessage','2025-11-27 11:01:11','2025-11-27 11:01:09',25352,1,1),(355,'WordValidationMessage','2025-11-27 11:02:14','2025-11-27 11:01:09',25121,1,1),(356,'GameModeMessage','2025-11-27 11:01:10','2025-11-27 11:01:10',25123,1,1),(357,'WordSendMessage','2025-11-27 11:01:12','2025-11-27 11:01:10',25089,1,1),(358,'WordValidationMessage','2025-11-27 11:02:16','2025-11-27 11:01:11',25121,1,1),(359,'CaseDetailsMessage','2025-11-27 11:01:12','2025-11-27 11:01:12',25098,1,1),(360,'WordSendMessage','2025-11-27 11:01:09','2025-11-27 11:01:12',25268,1,1),(361,'WordSendMessage','2025-11-27 11:00:25','2025-11-27 11:01:13',25364,1,1),(362,'WordSendMessage','2025-11-27 11:03:14','2025-11-27 11:01:14',25203,1,1),(363,'WordSendMessage','2025-11-27 11:01:17','2025-11-27 11:01:14',25352,1,1),(364,'WordSendMessage','2025-11-27 11:01:15','2025-11-27 11:01:14',25218,1,1),(365,'CaseDetailsMessage','2025-11-27 11:01:13','2025-11-27 11:01:15',25146,1,1),(366,'PowerUpMessage','2025-11-27 11:01:18','2025-11-27 11:01:15',25015,1,1),(367,'WordSendMessage','2025-11-27 11:01:12','2025-11-27 11:01:15',25268,1,1),(368,'WordSendMessage','2025-11-27 11:00:27','2025-11-27 11:01:16',25364,1,1),(369,'WordSendMessage','2025-11-27 11:02:17','2025-11-27 11:01:16',25120,1,1),(370,'WordSendMessage','2025-11-27 11:02:22','2025-11-27 11:01:17',25121,1,1),(371,'WordSendMessage','2025-11-27 11:03:19','2025-11-27 11:01:18',25203,1,1),(372,'WordSendMessage','2025-11-27 11:03:22','2025-11-27 11:01:21',25203,1,1),(373,'WordValidationMessage','2025-11-27 11:03:39','2025-11-27 11:01:21',25370,1,1),(374,'WordSendMessage','2025-11-27 11:01:24','2025-11-27 11:01:22',25352,1,1),(375,'WordValidationMessage','2025-11-27 11:01:27','2025-11-27 11:01:22',25191,1,1),(376,'WordValidationMessage','2025-11-27 11:01:26','2025-11-27 11:01:23',25015,1,1),(377,'PowerUpMessage','2025-11-27 11:03:23','2025-11-27 11:01:23',25203,1,1),(378,'WordSendMessage','2025-11-27 11:01:30','2025-11-27 11:01:23',25151,1,1),(379,'WordValidationMessage','2025-11-27 11:03:41','2025-11-27 11:01:24',25370,1,1),(380,'WordSendMessage','2025-11-27 11:01:27','2025-11-27 11:01:24',25352,1,1),(381,'WordValidationMessage','2025-11-27 11:01:24','2025-11-27 11:01:25',25065,1,1),(382,'WordValidationMessage','2025-11-27 11:03:26','2025-11-27 11:01:25',25203,1,1),(383,'WordValidationMessage','2025-11-27 11:02:27','2025-11-27 11:01:26',25120,1,1),(384,'WordSendMessage','2025-11-27 11:01:25','2025-11-27 11:01:26',25146,1,1),(385,'WordSendMessage','2025-11-27 11:01:27','2025-11-27 11:01:27',25098,1,1),(386,'WordSendMessage','2025-11-27 11:00:28','2025-11-27 11:01:28',25270,1,1),(387,'WordValidationMessage','2025-11-27 11:01:28','2025-11-27 11:01:28',25065,1,1),(388,'WordSendMessage','2025-11-27 11:01:34','2025-11-27 11:01:29',25191,1,1),(389,'CaseDetailsMessage','2025-11-27 11:01:28','2025-11-27 11:01:30',25146,1,1),(390,'WordSendMessage','2025-11-27 11:02:31','2025-11-27 11:01:30',25120,1,1),(391,'WordSendMessage','2025-11-27 11:01:35','2025-11-27 11:01:32',25015,1,1),(392,'GameModeMessage','2025-11-27 11:01:39','2025-11-27 11:01:32',25151,1,1),(393,'WordValidationMessage','2025-11-27 11:01:36','2025-11-27 11:01:34',25089,1,1),(394,'PowerUpMessage','2025-11-27 11:01:39','2025-11-27 11:01:34',25191,1,1),(395,'WordSendMessage','2025-11-27 11:01:35','2025-11-27 11:01:35',25098,1,1),(396,'WordSendMessage','2025-11-27 11:02:42','2025-11-27 11:01:37',25121,1,1),(397,'PowerUpMessage','2025-11-27 11:00:33','2025-11-27 11:01:37',25039,1,1),(398,'WordValidationMessage','2025-11-27 11:01:42','2025-11-27 11:01:37',25191,1,1),(399,'WordSendMessage','2025-11-27 11:01:40','2025-11-27 11:01:37',25015,1,1),(400,'WordSendMessage','2025-11-27 11:00:37','2025-11-27 11:01:37',25270,1,1),(401,'CaseDetailsMessage','2025-11-27 11:01:36','2025-11-27 11:01:38',25146,1,1),(402,'WordSendMessage','2025-11-27 11:03:39','2025-11-27 11:01:38',25203,1,1),(403,'CaseSelectedMessage','2025-11-27 11:01:39','2025-11-27 11:01:39',25123,1,1),(404,'TimeStatsMessage','2025-11-27 11:01:39','2025-11-27 11:01:39',25123,1,1),(405,'WordSendMessage','2025-11-27 11:01:44','2025-11-27 11:01:39',25191,1,1),(406,'WordValidationMessage','2025-11-27 11:01:41','2025-11-27 11:01:40',25218,1,1),(407,'WordValidationMessage','2025-11-27 11:00:36','2025-11-27 11:01:40',25039,1,1),(408,'WordValidationMessage','2025-11-27 11:03:58','2025-11-27 11:01:41',25370,1,1),(409,'WordSendMessage','2025-11-27 11:02:46','2025-11-27 11:01:41',25121,1,1),(410,'WordValidationMessage','2025-11-27 11:01:39','2025-11-27 11:01:42',25268,1,1),(411,'WordSendMessage','2025-11-27 11:01:44','2025-11-27 11:01:42',25089,1,1),(412,'WordSendMessage','2025-11-27 11:01:42','2025-11-27 11:01:43',25098,1,1),(413,'WordValidationMessage','2025-11-27 11:01:43','2025-11-27 11:01:44',25065,1,1),(414,'WordValidationMessage','2025-11-27 11:01:46','2025-11-27 11:01:44',25315,1,1),(415,'WordValidationMessage','2025-11-27 11:03:46','2025-11-27 11:01:46',25203,1,1),(416,'WordSendMessage','2025-11-27 11:01:49','2025-11-27 11:01:50',25065,1,1),(417,'WordSendMessage','2025-11-27 11:01:52','2025-11-27 11:01:51',25218,1,1),(418,'WordSendMessage','2025-11-27 11:01:51','2025-11-27 11:01:51',25123,1,1),(419,'WordSendMessage','2025-11-27 11:01:51','2025-11-27 11:01:52',25098,1,1),(420,'WordSendMessage','2025-11-27 11:01:55','2025-11-27 11:01:52',25352,1,1),(421,'WordSendMessage','2025-11-27 11:01:52','2025-11-27 11:01:52',25065,1,1),(422,'WordSendMessage','2025-11-27 11:00:49','2025-11-27 11:01:53',25039,1,1),(423,'WordValidationMessage','2025-11-27 11:01:56','2025-11-27 11:01:53',25015,1,1),(424,'WordSendMessage','2025-11-27 11:00:52','2025-11-27 11:01:56',25039,1,1),(425,'WordSendMessage','2025-11-27 11:01:58','2025-11-27 11:01:56',25315,1,1),(426,'WordSendMessage','2025-11-27 11:01:56','2025-11-27 11:01:56',25065,1,1),(427,'WordSendMessage','2025-11-27 11:00:57','2025-11-27 11:01:57',25270,1,1),(428,'WordValidationMessage','2025-11-27 11:04:14','2025-11-27 11:01:57',25370,1,1),(429,'WordSendMessage','2025-11-27 11:02:00','2025-11-27 11:01:57',25015,1,1),(430,'WordSendMessage','2025-11-27 11:01:59','2025-11-27 11:01:58',25218,1,1),(431,'WordValidationMessage','2025-11-27 11:03:00','2025-11-27 11:01:59',25120,1,1),(432,'WordValidationMessage','2025-11-27 11:04:17','2025-11-27 11:01:59',25370,1,1),(433,'WordValidationMessage','2025-11-27 11:01:59','2025-11-27 11:02:00',25146,1,1),(434,'WordSendMessage','2025-11-27 11:02:03','2025-11-27 11:02:00',25352,1,1),(435,'CaseDetailsMessage','2025-11-27 11:02:02','2025-11-27 11:02:02',25098,1,1),(436,'CaseDetailsMessage','2025-11-27 11:02:01','2025-11-27 11:02:03',25146,1,1),(437,'WordValidationMessage','2025-11-27 11:04:20','2025-11-27 11:02:03',25370,1,1),(438,'CaseDetailsMessage','2025-11-27 11:04:05','2025-11-27 11:02:05',25203,1,1),(439,'WordSendMessage','2025-11-27 11:02:05','2025-11-27 11:02:06',25065,1,1),(440,'WordValidationMessage','2025-11-27 11:04:23','2025-11-27 11:02:06',25370,1,1),(441,'GameModeMessage','2025-11-27 11:02:07','2025-11-27 11:02:06',25218,1,1),(442,'GameModeMessage','2025-11-27 11:01:07','2025-11-27 11:02:08',25270,1,1),(443,'GameModeMessage','2025-11-27 11:02:05','2025-11-27 11:02:08',25268,1,1),(444,'PowerUpMessage','2025-11-27 11:01:06','2025-11-27 11:02:10',25039,1,1),(445,'WordSendMessage','2025-11-27 11:02:09','2025-11-27 11:02:10',25146,1,1),(446,'CaseSelectedMessage','2025-11-27 11:02:12','2025-11-27 11:02:11',25218,1,1),(447,'TimeStatsMessage','2025-11-27 11:02:12','2025-11-27 11:02:11',25218,1,1),(448,'WordSendMessage','2025-11-27 11:02:15','2025-11-27 11:02:12',25015,1,1),(449,'WordSendMessage','2025-11-27 11:02:13','2025-11-27 11:02:14',25065,1,1),(450,'CaseDetailsMessage','2025-11-27 11:02:12','2025-11-27 11:02:14',25146,1,1),(451,'CaseSelectedMessage','2025-11-27 11:02:23','2025-11-27 11:02:16',25151,1,1),(452,'TimeStatsMessage','2025-11-27 11:02:23','2025-11-27 11:02:16',25151,1,1),(453,'WordValidationMessage','2025-11-27 11:03:19','2025-11-27 11:02:18',25120,1,1),(454,'PowerUpMessage','2025-11-27 11:01:15','2025-11-27 11:02:19',25039,1,1),(455,'GameModeMessage','2025-11-27 11:02:19','2025-11-27 11:02:19',25244,1,1),(456,'WordValidationMessage','2025-11-27 11:01:31','2025-11-27 11:02:19',25364,1,1),(457,'WordSendMessage','2025-11-27 11:02:20','2025-11-27 11:02:20',25123,1,1),(458,'GameModeMessage','2025-11-27 11:02:23','2025-11-27 11:02:21',25352,1,1),(459,'WordValidationMessage','2025-11-27 11:03:22','2025-11-27 11:02:21',25120,1,1),(460,'WordValidationMessage','2025-11-27 11:02:24','2025-11-27 11:02:21',25015,1,1),(461,'WordSendMessage','2025-11-27 11:04:39','2025-11-27 11:02:21',25370,1,1),(462,'WordValidationMessage','2025-11-27 11:02:23','2025-11-27 11:02:22',25218,1,1),(463,'WordSendMessage','2025-11-27 11:02:21','2025-11-27 11:02:22',25146,1,1),(464,'CaseSelectedMessage','2025-11-27 11:02:20','2025-11-27 11:02:23',25268,1,1),(465,'TimeStatsMessage','2025-11-27 11:02:20','2025-11-27 11:02:23',25268,1,1),(466,'CaseSelectedMessage','2025-11-27 11:02:26','2025-11-27 11:02:24',25352,1,1),(467,'TimeStatsMessage','2025-11-27 11:02:26','2025-11-27 11:02:24',25352,1,1),(468,'CaseDetailsMessage','2025-11-27 11:02:23','2025-11-27 11:02:24',25146,1,1),(469,'WordSendMessage','2025-11-27 11:03:26','2025-11-27 11:02:25',25120,1,1),(470,'WordSendMessage','2025-11-27 11:02:31','2025-11-27 11:02:26',25191,1,1),(471,'WordSendMessage','2025-11-27 11:04:45','2025-11-27 11:02:28',25370,1,1),(472,'WordSendMessage','2025-11-27 11:02:35','2025-11-27 11:02:30',25191,1,1),(473,'WordValidationMessage','2025-11-27 11:02:31','2025-11-27 11:02:30',25218,1,1),(474,'WordValidationMessage','2025-11-27 11:02:33','2025-11-27 11:02:31',25089,1,1),(475,'WordSendMessage','2025-11-27 11:03:33','2025-11-27 11:02:32',25120,1,1),(476,'WordSendMessage','2025-11-27 11:02:32','2025-11-27 11:02:33',25098,1,1),(477,'CaseSelectedMessage','2025-11-27 11:01:32','2025-11-27 11:02:33',25270,1,1),(478,'TimeStatsMessage','2025-11-27 11:01:32','2025-11-27 11:02:33',25270,1,1),(479,'GameModeMessage','2025-11-27 11:03:38','2025-11-27 11:02:33',25121,1,1),(480,'WordSendMessage','2025-11-27 11:01:34','2025-11-27 11:02:38',25039,1,1),(481,'WordValidationMessage','2025-11-27 11:02:45','2025-11-27 11:02:38',25151,1,1),(482,'WordSendMessage','2025-11-27 11:03:40','2025-11-27 11:02:39',25120,1,1),(483,'GameModeMessage','2025-11-27 11:02:42','2025-11-27 11:02:39',25015,1,1),(484,'GameModeMessage','2025-11-27 11:02:44','2025-11-27 11:02:39',25191,1,1),(485,'CaseSelectedMessage','2025-11-27 11:02:44','2025-11-27 11:02:41',25015,1,1),(486,'TimeStatsMessage','2025-11-27 11:02:44','2025-11-27 11:02:41',25015,1,1),(487,'WordSendMessage','2025-11-27 11:02:48','2025-11-27 11:02:41',25151,1,1),(488,'WordValidationMessage','2025-11-27 11:02:41','2025-11-27 11:02:43',25146,1,1),(489,'WordValidationMessage','2025-11-27 11:02:43','2025-11-27 11:02:43',25123,1,1),(490,'WordValidationMessage','2025-11-27 11:02:46','2025-11-27 11:02:43',25352,1,1),(491,'WordSendMessage','2025-11-27 11:01:40','2025-11-27 11:02:44',25039,1,1),(492,'WordValidationMessage','2025-11-27 11:02:44','2025-11-27 11:02:44',25123,1,1),(493,'WordValidationMessage','2025-11-27 11:02:43','2025-11-27 11:02:44',25065,1,1),(494,'CaseSelectedMessage','2025-11-27 11:02:45','2025-11-27 11:02:45',25244,1,1),(495,'TimeStatsMessage','2025-11-27 11:02:45','2025-11-27 11:02:45',25244,1,1),(496,'WordValidationMessage','2025-11-27 11:05:03','2025-11-27 11:02:45',25370,1,1),(497,'WordSendMessage','2025-11-27 11:02:45','2025-11-27 11:02:46',25098,1,1),(498,'WordValidationMessage','2025-11-27 11:02:48','2025-11-27 11:02:46',25352,1,1),(499,'WordValidationMessage','2025-11-27 11:01:47','2025-11-27 11:02:47',25270,1,1),(500,'CaseDetailsMessage','2025-11-27 11:02:55','2025-11-27 11:02:48',25151,1,1),(501,'WordSendMessage','2025-11-27 11:03:49','2025-11-27 11:02:49',25120,1,1),(502,'WordSendMessage','2025-11-27 11:05:06','2025-11-27 11:02:49',25370,1,1),(503,'WordValidationMessage','2025-11-27 11:02:50','2025-11-27 11:02:50',25244,1,1),(504,'WordSendMessage','2025-11-27 11:01:50','2025-11-27 11:02:51',25270,1,1),(505,'WordValidationMessage','2025-11-27 11:02:02','2025-11-27 11:02:51',25364,1,1),(506,'WordSendMessage','2025-11-27 11:02:50','2025-11-27 11:02:51',25146,1,1),(507,'WordSendMessage','2025-11-27 11:02:53','2025-11-27 11:02:54',25146,1,1),(508,'WordSendMessage','2025-11-27 11:02:57','2025-11-27 11:02:56',25089,1,1),(509,'PowerUpMessage','2025-11-27 11:02:56','2025-11-27 11:02:56',25098,1,1),(510,'WordSendMessage','2025-11-27 11:05:16','2025-11-27 11:02:59',25370,1,1),(511,'WordValidationMessage','2025-11-27 11:02:59','2025-11-27 11:02:59',25244,1,1),(512,'WordValidationMessage','2025-11-27 11:05:00','2025-11-27 11:02:59',25203,1,1),(513,'WordValidationMessage','2025-11-27 11:02:12','2025-11-27 11:03:00',25364,1,1),(514,'CaseSelectedMessage','2025-11-27 11:04:05','2025-11-27 11:03:00',25121,1,1),(515,'TimeStatsMessage','2025-11-27 11:04:05','2025-11-27 11:03:00',25121,1,1),(516,'WordValidationMessage','2025-11-27 11:03:08','2025-11-27 11:03:01',25151,1,1),(517,'WordValidationMessage','2025-11-27 11:03:03','2025-11-27 11:03:03',25123,1,1),(518,'WordValidationMessage','2025-11-27 11:03:02','2025-11-27 11:03:05',25268,1,1),(519,'WordSendMessage','2025-11-27 11:03:08','2025-11-27 11:03:06',25315,1,1),(520,'WordValidationMessage','2025-11-27 11:03:05','2025-11-27 11:03:06',25244,1,1),(521,'WordValidationMessage','2025-11-27 11:03:05','2025-11-27 11:03:06',25146,1,1),(522,'PowerUpMessage','2025-11-27 11:03:06','2025-11-27 11:03:06',25098,1,1),(523,'WordSendMessage','2025-11-27 11:05:25','2025-11-27 11:03:07',25370,1,1),(524,'WordSendMessage','2025-11-27 11:03:04','2025-11-27 11:03:07',25268,1,1),(525,'WordValidationMessage','2025-11-27 11:03:08','2025-11-27 11:03:09',25146,1,1),(526,'WordSendMessage','2025-11-27 11:03:11','2025-11-27 11:03:10',25218,1,1),(527,'GameModeMessage','2025-11-27 11:04:11','2025-11-27 11:03:11',25120,1,1),(528,'WordSendMessage','2025-11-27 11:03:18','2025-11-27 11:03:11',25151,1,1),(529,'WordSendMessage','2025-11-27 11:02:07','2025-11-27 11:03:11',25039,1,1),(530,'WordValidationMessage','2025-11-27 11:03:11','2025-11-27 11:03:12',25146,1,1),(531,'WordValidationMessage','2025-11-27 11:03:12','2025-11-27 11:03:12',25123,1,1),(532,'WordSendMessage','2025-11-27 11:03:23','2025-11-27 11:03:13',25184,1,1),(533,'WordValidationMessage','2025-11-27 11:03:17','2025-11-27 11:03:14',25015,1,1),(534,'WordValidationMessage','2025-11-27 11:02:14','2025-11-27 11:03:14',25270,1,1),(535,'WordValidationMessage','2025-11-27 11:03:15','2025-11-27 11:03:15',25098,1,1),(536,'WordSendMessage','2025-11-27 11:02:13','2025-11-27 11:03:16',25039,1,1),(537,'WordSendMessage','2025-11-27 11:03:16','2025-11-27 11:03:17',25065,1,1),(538,'CaseDetailsMessage','2025-11-27 11:03:16','2025-11-27 11:03:17',25146,1,1),(539,'WordValidationMessage','2025-11-27 11:04:25','2025-11-27 11:03:20',25121,1,1),(540,'CaseSelectedMessage','2025-11-27 11:03:25','2025-11-27 11:03:21',25191,1,1),(541,'TimeStatsMessage','2025-11-27 11:03:25','2025-11-27 11:03:21',25191,1,1),(542,'WordSendMessage','2025-11-27 11:03:20','2025-11-27 11:03:21',25065,1,1),(543,'WordSendMessage','2025-11-27 11:03:24','2025-11-27 11:03:21',25352,1,1),(544,'WordSendMessage','2025-11-27 11:03:22','2025-11-27 11:03:22',25098,1,1),(545,'WordSendMessage','2025-11-27 11:03:25','2025-11-27 11:03:22',25015,1,1),(546,'WordSendMessage','2025-11-27 11:03:24','2025-11-27 11:03:23',25089,1,1),(547,'WordSendMessage','2025-11-27 11:03:22','2025-11-27 11:03:23',25244,1,1),(548,'WordSendMessage','2025-11-27 11:03:24','2025-11-27 11:03:23',25218,1,1),(549,'WordValidationMessage','2025-11-27 11:02:36','2025-11-27 11:03:25',25364,1,1),(550,'WordValidationMessage','2025-11-27 11:02:37','2025-11-27 11:03:25',25364,1,1),(551,'WordSendMessage','2025-11-27 11:03:28','2025-11-27 11:03:26',25015,1,1),(552,'WordSendMessage','2025-11-27 11:05:26','2025-11-27 11:03:26',25203,1,1),(553,'WordSendMessage','2025-11-27 11:03:26','2025-11-27 11:03:27',25065,1,1),(554,'WordSendMessage','2025-11-27 11:04:32','2025-11-27 11:03:27',25121,1,1),(555,'WordSendMessage','2025-11-27 11:05:44','2025-11-27 11:03:27',25370,1,1),(556,'WordSendMessage','2025-11-27 11:03:27','2025-11-27 11:03:27',25244,1,1),(557,'GameModeMessage','2025-11-27 11:04:29','2025-11-27 11:03:28',25120,1,1),(558,'CaseSelectedMessage','2025-11-27 11:04:31','2025-11-27 11:03:31',25120,1,1),(559,'TimeStatsMessage','2025-11-27 11:04:31','2025-11-27 11:03:31',25120,1,1),(560,'WordValidationMessage','2025-11-27 11:05:33','2025-11-27 11:03:32',25203,1,1),(561,'WordSendMessage','2025-11-27 11:03:33','2025-11-27 11:03:33',25098,1,1),(562,'WordValidationMessage','2025-11-27 11:03:30','2025-11-27 11:03:34',25268,1,1),(563,'WordSendMessage','2025-11-27 11:03:35','2025-11-27 11:03:34',25218,1,1),(564,'WordValidationMessage','2025-11-27 11:03:34','2025-11-27 11:03:34',25065,1,1),(565,'WordValidationMessage','2025-11-27 11:03:38','2025-11-27 11:03:35',25015,1,1),(566,'WordValidationMessage','2025-11-27 11:03:36','2025-11-27 11:03:36',25123,1,1),(567,'WordSendMessage','2025-11-27 11:05:53','2025-11-27 11:03:36',25370,1,1),(568,'WordSendMessage','2025-11-27 11:03:36','2025-11-27 11:03:36',25065,1,1),(569,'PowerUpMessage','2025-11-27 11:03:38','2025-11-27 11:03:36',25089,1,1),(570,'WordValidationMessage','2025-11-27 11:03:40','2025-11-27 11:03:37',25015,1,1),(571,'WordValidationMessage','2025-11-27 11:03:40','2025-11-27 11:03:38',25015,1,1),(572,'WordValidationMessage','2025-11-27 11:02:49','2025-11-27 11:03:38',25364,1,1),(573,'WordValidationMessage','2025-11-27 11:03:41','2025-11-27 11:03:39',25089,1,1),(574,'WordSendMessage','2025-11-27 11:03:42','2025-11-27 11:03:39',25352,1,1),(575,'WordValidationMessage','2025-11-27 11:03:39','2025-11-27 11:03:39',25123,1,1),(576,'WordValidationMessage','2025-11-27 11:02:51','2025-11-27 11:03:40',25364,1,1),(577,'PowerUpMessage','2025-11-27 11:05:41','2025-11-27 11:03:40',25203,1,1),(578,'WordSendMessage','2025-11-27 11:03:42','2025-11-27 11:03:41',25218,1,1),(579,'WordValidationMessage','2025-11-27 11:03:45','2025-11-27 11:03:41',25191,1,1),(580,'WordSendMessage','2025-11-27 11:03:47','2025-11-27 11:03:43',25191,1,1),(581,'WordValidationMessage','2025-11-27 11:03:50','2025-11-27 11:03:43',25151,1,1),(582,'WordSendMessage','2025-11-27 11:03:45','2025-11-27 11:03:44',25089,1,1),(583,'WordSendMessage','2025-11-27 11:03:46','2025-11-27 11:03:44',25315,1,1),(584,'WordValidationMessage','2025-11-27 11:02:57','2025-11-27 11:03:45',25364,1,1),(585,'WordValidationMessage','2025-11-27 11:02:45','2025-11-27 11:03:45',25270,1,1),(586,'WordValidationMessage','2025-11-27 11:03:49','2025-11-27 11:03:46',25015,1,1),(587,'WordValidationMessage','2025-11-27 11:03:45','2025-11-27 11:03:46',25146,1,1),(588,'WordSendMessage','2025-11-27 11:03:48','2025-11-27 11:03:49',25065,1,1),(589,'WordSendMessage','2025-11-27 11:03:50','2025-11-27 11:03:49',25218,1,1),(590,'WordValidationMessage','2025-11-27 11:03:01','2025-11-27 11:03:49',25364,1,1),(591,'WordSendMessage','2025-11-27 11:03:54','2025-11-27 11:03:50',25191,1,1),(592,'CaseSelectedMessage','2025-11-27 11:02:46','2025-11-27 11:03:50',25039,1,1),(593,'TimeStatsMessage','2025-11-27 11:02:46','2025-11-27 11:03:50',25039,1,1),(594,'WordValidationMessage','2025-11-27 11:04:51','2025-11-27 11:03:50',25120,1,1),(595,'GameModeMessage','2025-11-27 11:06:08','2025-11-27 11:03:51',25370,1,1),(596,'WordSendMessage','2025-11-27 11:03:53','2025-11-27 11:03:51',25315,1,1),(597,'WordValidationMessage','2025-11-27 11:04:52','2025-11-27 11:03:51',25120,1,1),(598,'WordValidationMessage','2025-11-27 11:05:52','2025-11-27 11:03:52',25203,1,1),(599,'WordSendMessage','2025-11-27 11:03:54','2025-11-27 11:03:52',25089,1,1),(600,'WordValidationMessage','2025-11-27 11:04:00','2025-11-27 11:03:53',25151,1,1),(601,'WordSendMessage','2025-11-27 11:03:51','2025-11-27 11:03:53',25146,1,1),(602,'WordSendMessage','2025-11-27 11:02:52','2025-11-27 11:03:53',25270,1,1),(603,'GameModeMessage','2025-11-27 11:03:55','2025-11-27 11:03:55',25065,1,1),(604,'WordValidationMessage','2025-11-27 11:04:57','2025-11-27 11:03:56',25120,1,1),(605,'WordValidationMessage','2025-11-27 11:05:56','2025-11-27 11:03:56',25203,1,1),(606,'WordSendMessage','2025-11-27 11:03:59','2025-11-27 11:03:56',25015,1,1),(607,'WordValidationMessage','2025-11-27 11:03:09','2025-11-27 11:03:57',25364,1,1),(608,'CaseSelectedMessage','2025-11-27 11:03:57','2025-11-27 11:03:58',25065,1,1),(609,'TimeStatsMessage','2025-11-27 11:03:57','2025-11-27 11:03:58',25065,1,1),(610,'WordSendMessage','2025-11-27 11:03:57','2025-11-27 11:03:59',25146,1,1),(611,'WordSendMessage','2025-11-27 11:04:02','2025-11-27 11:04:00',25015,1,1),(612,'WordValidationMessage','2025-11-27 11:05:08','2025-11-27 11:04:03',25121,1,1),(613,'WordSendMessage','2025-11-27 11:03:00','2025-11-27 11:04:04',25039,1,1),(614,'WordSendMessage','2025-11-27 11:04:03','2025-11-27 11:04:04',25244,1,1),(615,'CaseDetailsMessage','2025-11-27 11:04:03','2025-11-27 11:04:04',25146,1,1),(616,'WordValidationMessage','2025-11-27 11:04:12','2025-11-27 11:04:05',25151,1,1),(617,'WordSendMessage','2025-11-27 11:04:06','2025-11-27 11:04:06',25098,1,1),(618,'WordValidationMessage','2025-11-27 11:04:03','2025-11-27 11:04:07',25268,1,1),(619,'WordSendMessage','2025-11-27 11:05:14','2025-11-27 11:04:09',25121,1,1),(620,'WordValidationMessage','2025-11-27 11:03:09','2025-11-27 11:04:09',25270,1,1),(621,'WordValidationMessage','2025-11-27 11:03:21','2025-11-27 11:04:09',25364,1,1),(622,'WordValidationMessage','2025-11-27 11:04:15','2025-11-27 11:04:10',25191,1,1),(623,'WordValidationMessage','2025-11-27 11:04:12','2025-11-27 11:04:10',25089,1,1),(624,'CaseSelectedMessage','2025-11-27 11:06:28','2025-11-27 11:04:11',25370,1,1),(625,'TimeStatsMessage','2025-11-27 11:06:28','2025-11-27 11:04:11',25370,1,1),(626,'WordValidationMessage','2025-11-27 11:05:13','2025-11-27 11:04:12',25120,1,1),(627,'WordSendMessage','2025-11-27 11:04:17','2025-11-27 11:04:12',25191,1,1),(628,'WordValidationMessage','2025-11-27 11:03:24','2025-11-27 11:04:13',25364,1,1),(629,'WordSendMessage','2025-11-27 11:04:15','2025-11-27 11:04:13',25315,1,1),(630,'WordValidationMessage','2025-11-27 11:04:17','2025-11-27 11:04:14',25015,1,1),(631,'WordSendMessage','2025-11-27 11:04:18','2025-11-27 11:04:16',25089,1,1),(632,'WordValidationMessage','2025-11-27 11:05:22','2025-11-27 11:04:17',25121,1,1),(633,'GameModeMessage','2025-11-27 11:04:17','2025-11-27 11:04:17',25098,1,1),(634,'WordValidationMessage','2025-11-27 11:03:29','2025-11-27 11:04:17',25364,1,1),(635,'WordSendMessage','2025-11-27 11:04:20','2025-11-27 11:04:18',25352,1,1),(636,'WordSendMessage','2025-11-27 11:04:20','2025-11-27 11:04:18',25315,1,1),(637,'WordValidationMessage','2025-11-27 11:03:33','2025-11-27 11:04:22',25364,1,1),(638,'WordSendMessage','2025-11-27 11:04:23','2025-11-27 11:04:23',25244,1,1),(639,'WordValidationMessage','2025-11-27 11:05:29','2025-11-27 11:04:24',25121,1,1),(640,'WordValidationMessage','2025-11-27 11:04:25','2025-11-27 11:04:25',25123,1,1),(641,'WordSendMessage','2025-11-27 11:04:24','2025-11-27 11:04:25',25146,1,1),(642,'WordSendMessage','2025-11-27 11:04:28','2025-11-27 11:04:26',25352,1,1),(643,'CaseSelectedMessage','2025-11-27 11:04:27','2025-11-27 11:04:28',25098,1,1),(644,'TimeStatsMessage','2025-11-27 11:04:27','2025-11-27 11:04:28',25098,1,1),(645,'PowerUpMessage','2025-11-27 11:04:29','2025-11-27 11:04:28',25315,1,1),(646,'WordValidationMessage','2025-11-27 11:04:25','2025-11-27 11:04:28',25268,1,1),(647,'WordSendMessage','2025-11-27 11:04:30','2025-11-27 11:04:28',25089,1,1),(648,'WordSendMessage','2025-11-27 11:04:34','2025-11-27 11:04:29',25191,1,1),(649,'WordSendMessage','2025-11-27 11:05:35','2025-11-27 11:04:30',25121,1,1),(650,'WordSendMessage','2025-11-27 11:04:30','2025-11-27 11:04:31',25244,1,1),(651,'WordSendMessage','2025-11-27 11:04:39','2025-11-27 11:04:32',25151,1,1),(652,'CaseDetailsMessage','2025-11-27 11:04:35','2025-11-27 11:04:33',25315,1,1),(653,'WordValidationMessage','2025-11-27 11:06:51','2025-11-27 11:04:33',25370,1,1),(654,'WordValidationMessage','2025-11-27 11:04:33','2025-11-27 11:04:34',25065,1,1),(655,'WordValidationMessage','2025-11-27 11:05:36','2025-11-27 11:04:35',25120,1,1),(656,'WordSendMessage','2025-11-27 11:03:32','2025-11-27 11:04:36',25039,1,1),(657,'WordSendMessage','2025-11-27 11:05:41','2025-11-27 11:04:36',25121,1,1),(658,'WordSendMessage','2025-11-27 11:04:43','2025-11-27 11:04:36',25151,1,1),(659,'WordSendMessage','2025-11-27 11:04:36','2025-11-27 11:04:37',25244,1,1),(660,'WordValidationMessage','2025-11-27 11:04:40','2025-11-27 11:04:37',25352,1,1),(661,'WordSendMessage','2025-11-27 11:04:38','2025-11-27 11:04:38',25123,1,1),(662,'WordValidationMessage','2025-11-27 11:04:39','2025-11-27 11:04:38',25218,1,1),(663,'WordValidationMessage','2025-11-27 11:04:49','2025-11-27 11:04:39',25184,1,1),(664,'WordSendMessage','2025-11-27 11:04:47','2025-11-27 11:04:40',25151,1,1),(665,'WordValidationMessage','2025-11-27 11:04:37','2025-11-27 11:04:40',25268,1,1),(666,'GameModeMessage','2025-11-27 11:04:42','2025-11-27 11:04:41',25089,1,1),(667,'CaseDetailsMessage','2025-11-27 11:04:40','2025-11-27 11:04:41',25146,1,1),(668,'WordValidationMessage','2025-11-27 11:03:41','2025-11-27 11:04:41',25270,1,1),(669,'WordValidationMessage','2025-11-27 11:04:45','2025-11-27 11:04:43',25315,1,1),(670,'WordValidationMessage','2025-11-27 11:04:46','2025-11-27 11:04:44',25315,1,1),(671,'WordSendMessage','2025-11-27 11:04:49','2025-11-27 11:04:44',25191,1,1),(672,'WordSendMessage','2025-11-27 11:04:55','2025-11-27 11:04:45',25184,1,1),(673,'WordSendMessage','2025-11-27 11:04:45','2025-11-27 11:04:46',25065,1,1),(674,'WordSendMessage','2025-11-27 11:04:49','2025-11-27 11:04:46',25015,1,1),(675,'WordSendMessage','2025-11-27 11:03:46','2025-11-27 11:04:47',25270,1,1),(676,'WordValidationMessage','2025-11-27 11:05:52','2025-11-27 11:04:47',25121,1,1),(677,'WordSendMessage','2025-11-27 11:04:47','2025-11-27 11:04:49',25146,1,1),(678,'WordSendMessage','2025-11-27 11:04:49','2025-11-27 11:04:49',25123,1,1),(679,'WordValidationMessage','2025-11-27 11:04:52','2025-11-27 11:04:50',25315,1,1),(680,'WordSendMessage','2025-11-27 11:03:47','2025-11-27 11:04:51',25039,1,1),(681,'WordValidationMessage','2025-11-27 11:05:58','2025-11-27 11:04:53',25121,1,1),(682,'WordValidationMessage','2025-11-27 11:04:52','2025-11-27 11:04:53',25244,1,1),(683,'CaseSelectedMessage','2025-11-27 11:04:55','2025-11-27 11:04:53',25089,1,1),(684,'TimeStatsMessage','2025-11-27 11:04:55','2025-11-27 11:04:53',25089,1,1),(685,'WordSendMessage','2025-11-27 11:04:52','2025-11-27 11:04:53',25146,1,1),(686,'WordSendMessage','2025-11-27 11:04:58','2025-11-27 11:04:53',25191,1,1),(687,'WordSendMessage','2025-11-27 11:04:50','2025-11-27 11:04:54',25268,1,1),(688,'WordSendMessage','2025-11-27 11:04:56','2025-11-27 11:04:54',25315,1,1),(689,'WordValidationMessage','2025-11-27 11:05:05','2025-11-27 11:04:55',25184,1,1),(690,'WordValidationMessage','2025-11-27 11:05:56','2025-11-27 11:04:55',25120,1,1),(691,'WordSendMessage','2025-11-27 11:04:56','2025-11-27 11:04:56',25244,1,1),(692,'WordSendMessage','2025-11-27 11:06:04','2025-11-27 11:04:59',25121,1,1),(693,'WordSendMessage','2025-11-27 11:05:09','2025-11-27 11:04:59',25184,1,1),(694,'WordSendMessage','2025-11-27 11:05:04','2025-11-27 11:04:59',25191,1,1),(695,'CaseDetailsMessage','2025-11-27 11:04:58','2025-11-27 11:04:59',25146,1,1),(696,'WordSendMessage','2025-11-27 11:05:05','2025-11-27 11:05:01',25191,1,1),(697,'WordValidationMessage','2025-11-27 11:05:05','2025-11-27 11:05:03',25352,1,1),(698,'WordSendMessage','2025-11-27 11:05:03','2025-11-27 11:05:03',25123,1,1),(699,'WordSendMessage','2025-11-27 11:05:03','2025-11-27 11:05:03',25244,1,1),(700,'WordValidationMessage','2025-11-27 11:05:06','2025-11-27 11:05:04',25352,1,1),(701,'PlayGameMessage','2025-11-27 11:04:16','2025-11-27 11:05:04',25364,1,1),(702,'TimeStatsMessage','2025-11-27 11:04:16','2025-11-27 11:05:04',25364,1,1),(703,'WordSendMessage','2025-11-27 11:05:14','2025-11-27 11:05:04',25184,1,1),(704,'WordValidationMessage','2025-11-27 11:07:22','2025-11-27 11:05:04',25370,1,1),(705,'CaseDetailsMessage','2025-11-27 11:05:05','2025-11-27 11:05:05',25123,1,1),(706,'WordValidationMessage','2025-11-27 11:05:09','2025-11-27 11:05:06',25015,1,1),(707,'WordValidationMessage','2025-11-27 11:05:08','2025-11-27 11:05:07',25089,1,1),(708,'PowerUpMessage','2025-11-27 11:05:17','2025-11-27 11:05:07',25184,1,1),(709,'WordSendMessage','2025-11-27 11:05:07','2025-11-27 11:05:08',25146,1,1),(710,'WordValidationMessage','2025-11-27 11:05:09','2025-11-27 11:05:09',25098,1,1),(711,'WordValidationMessage','2025-11-27 11:05:11','2025-11-27 11:05:09',25089,1,1),(712,'WordValidationMessage','2025-11-27 11:05:20','2025-11-27 11:05:10',25184,1,1),(713,'WordValidationMessage','2025-11-27 11:05:12','2025-11-27 11:05:10',25315,1,1),(714,'WordSendMessage','2025-11-27 11:06:15','2025-11-27 11:05:10',25121,1,1),(715,'WordSendMessage','2025-11-27 11:05:13','2025-11-27 11:05:11',25015,1,1),(716,'WordValidationMessage','2025-11-27 11:05:11','2025-11-27 11:05:12',25244,1,1),(717,'WordValidationMessage','2025-11-27 11:05:12','2025-11-27 11:05:12',25123,1,1),(718,'WordSendMessage','2025-11-27 11:05:12','2025-11-27 11:05:12',25098,1,1),(719,'WordSendMessage','2025-11-27 11:05:23','2025-11-27 11:05:13',25184,1,1),(720,'WordSendMessage','2025-11-27 11:05:09','2025-11-27 11:05:13',25268,1,1),(721,'WordValidationMessage','2025-11-27 11:04:11','2025-11-27 11:05:14',25039,1,1),(722,'WordSendMessage','2025-11-27 11:05:16','2025-11-27 11:05:15',25089,1,1),(723,'WordSendMessage','2025-11-27 11:05:14','2025-11-27 11:05:15',25244,1,1),(724,'WordValidationMessage','2025-11-27 11:05:17','2025-11-27 11:05:15',25315,1,1),(725,'GameModeMessage','2025-11-27 11:04:27','2025-11-27 11:05:15',25364,1,1),(726,'WordSendMessage','2025-11-27 11:05:19','2025-11-27 11:05:17',25352,1,1),(727,'TimeStatsMessage','2025-11-27 11:04:29','2025-11-27 11:05:17',25364,1,1),(728,'CaseSelectedMessage','2025-11-27 11:04:29','2025-11-27 11:05:17',25364,1,1),(729,'WordValidationMessage','2025-11-27 11:05:19','2025-11-27 11:05:17',25315,1,1),(730,'WordSendMessage','2025-11-27 11:06:23','2025-11-27 11:05:18',25121,1,1),(731,'WordSendMessage','2025-11-27 11:06:20','2025-11-27 11:05:19',25120,1,1),(732,'WordValidationMessage','2025-11-27 11:05:22','2025-11-27 11:05:19',25015,1,1),(733,'WordSendMessage','2025-11-27 11:05:16','2025-11-27 11:05:19',25268,1,1),(734,'WordSendMessage','2025-11-27 11:05:21','2025-11-27 11:05:20',25315,1,1),(735,'WordSendMessage','2025-11-27 11:05:28','2025-11-27 11:05:21',25151,1,1),(736,'WordSendMessage','2025-11-27 11:05:24','2025-11-27 11:05:22',25015,1,1),(737,'WordSendMessage','2025-11-27 11:05:21','2025-11-27 11:05:22',25244,1,1),(738,'WordSendMessage','2025-11-27 11:05:26','2025-11-27 11:05:23',25352,1,1),(739,'WordValidationMessage','2025-11-27 11:05:25','2025-11-27 11:05:24',25218,1,1),(740,'WordSendMessage','2025-11-27 11:05:21','2025-11-27 11:05:24',25268,1,1),(741,'WordSendMessage','2025-11-27 11:05:26','2025-11-27 11:05:24',25089,1,1),(742,'PowerUpMessage','2025-11-27 11:05:34','2025-11-27 11:05:24',25184,1,1),(743,'WordSendMessage','2025-11-27 11:05:23','2025-11-27 11:05:25',25146,1,1),(744,'WordValidationMessage','2025-11-27 11:04:37','2025-11-27 11:05:26',25364,1,1),(745,'WordValidationMessage','2025-11-27 11:07:27','2025-11-27 11:05:26',25203,1,1),(746,'WordSendMessage','2025-11-27 11:06:32','2025-11-27 11:05:27',25121,1,1),(747,'WordValidationMessage','2025-11-27 11:05:28','2025-11-27 11:05:27',25218,1,1),(748,'WordSendMessage','2025-11-27 11:06:29','2025-11-27 11:05:28',25120,1,1),(749,'WordSendMessage','2025-11-27 11:04:25','2025-11-27 11:05:28',25039,1,1),(750,'WordSendMessage','2025-11-27 11:05:25','2025-11-27 11:05:29',25268,1,1),(751,'WordSendMessage','2025-11-27 11:05:32','2025-11-27 11:05:31',25089,1,1),(752,'WordValidationMessage','2025-11-27 11:05:31','2025-11-27 11:05:31',25123,1,1),(753,'PowerUpMessage','2025-11-27 11:05:41','2025-11-27 11:05:31',25184,1,1),(754,'WordSendMessage','2025-11-27 11:05:34','2025-11-27 11:05:31',25352,1,1),(755,'WordValidationMessage','2025-11-27 11:05:33','2025-11-27 11:05:31',25315,1,1),(756,'PowerUpMessage','2025-11-27 11:05:31','2025-11-27 11:05:32',25146,1,1),(757,'WordValidationMessage','2025-11-27 11:05:35','2025-11-27 11:05:34',25218,1,1),(758,'CaseDetailsMessage','2025-11-27 11:05:34','2025-11-27 11:05:35',25146,1,1),(759,'WordValidationMessage','2025-11-27 11:04:50','2025-11-27 11:05:39',25364,1,1),(760,'PowerUpMessage','2025-11-27 11:05:46','2025-11-27 11:05:39',25151,1,1),(761,'WordSendMessage','2025-11-27 11:05:41','2025-11-27 11:05:39',25089,1,1),(762,'PowerUpMessage','2025-11-27 11:05:39','2025-11-27 11:05:39',25244,1,1),(763,'WordSendMessage','2025-11-27 11:04:36','2025-11-27 11:05:40',25039,1,1),(764,'WordValidationMessage','2025-11-27 11:07:59','2025-11-27 11:05:41',25370,1,1),(765,'WordValidationMessage','2025-11-27 11:05:48','2025-11-27 11:05:41',25151,1,1),(766,'WordSendMessage','2025-11-27 11:05:43','2025-11-27 11:05:42',25218,1,1),(767,'WordSendMessage','2025-11-27 11:05:45','2025-11-27 11:05:43',25352,1,1),(768,'WordValidationMessage','2025-11-27 11:05:43','2025-11-27 11:05:43',25123,1,1),(769,'WordSendMessage','2025-11-27 11:06:48','2025-11-27 11:05:43',25121,1,1),(770,'WordValidationMessage','2025-11-27 11:05:43','2025-11-27 11:05:43',25123,1,1),(771,'WordSendMessage','2025-11-27 11:05:48','2025-11-27 11:05:44',25191,1,1),(772,'WordSendMessage','2025-11-27 11:05:51','2025-11-27 11:05:44',25151,1,1),(773,'WordSendMessage','2025-11-27 11:08:01','2025-11-27 11:05:44',25370,1,1),(774,'WordValidationMessage','2025-11-27 11:05:55','2025-11-27 11:05:45',25184,1,1),(775,'WordSendMessage','2025-11-27 11:06:46','2025-11-27 11:05:45',25120,1,1),(776,'WordSendMessage','2025-11-27 11:05:51','2025-11-27 11:05:46',25191,1,1),(777,'WordValidationMessage','2025-11-27 11:05:46','2025-11-27 11:05:47',25244,1,1),(778,'WordValidationMessage','2025-11-27 11:04:46','2025-11-27 11:05:47',25270,1,1),(779,'WordSendMessage','2025-11-27 11:04:44','2025-11-27 11:05:47',25039,1,1),(780,'PowerUpMessage','2025-11-27 11:05:51','2025-11-27 11:05:48',25015,1,1),(781,'WordSendMessage','2025-11-27 11:05:51','2025-11-27 11:05:49',25352,1,1),(782,'WordSendMessage','2025-11-27 11:05:51','2025-11-27 11:05:49',25315,1,1),(783,'WordSendMessage','2025-11-27 11:05:49','2025-11-27 11:05:49',25098,1,1),(784,'WordValidationMessage','2025-11-27 11:06:00','2025-11-27 11:05:50',25184,1,1),(785,'WordSendMessage','2025-11-27 11:05:48','2025-11-27 11:05:50',25146,1,1),(786,'WordValidationMessage','2025-11-27 11:06:56','2025-11-27 11:05:51',25121,1,1),(787,'WordValidationMessage','2025-11-27 11:05:54','2025-11-27 11:05:51',25015,1,1),(788,'WordSendMessage','2025-11-27 11:04:51','2025-11-27 11:05:52',25270,1,1),(789,'WordSendMessage','2025-11-27 11:06:02','2025-11-27 11:05:52',25184,1,1),(790,'WordValidationMessage','2025-11-27 11:05:52','2025-11-27 11:05:52',25065,1,1),(791,'WordSendMessage','2025-11-27 11:05:55','2025-11-27 11:05:53',25089,1,1),(792,'WordSendMessage','2025-11-27 11:05:56','2025-11-27 11:05:54',25015,1,1),(793,'TimeStatsMessage','2025-11-27 11:05:54','2025-11-27 11:05:55',25244,1,1),(794,'WordSendMessage','2025-11-27 11:05:54','2025-11-27 11:05:55',25244,1,1),(795,'WordValidationMessage','2025-11-27 11:05:52','2025-11-27 11:05:55',25268,1,1),(796,'WordSendMessage','2025-11-27 11:07:01','2025-11-27 11:05:56',25121,1,1),(797,'WordSendMessage','2025-11-27 11:05:57','2025-11-27 11:05:57',25098,1,1),(798,'WordSendMessage','2025-11-27 11:06:02','2025-11-27 11:05:57',25191,1,1),(799,'WordSendMessage','2025-11-27 11:06:01','2025-11-27 11:05:58',25015,1,1),(800,'PowerUpMessage','2025-11-27 11:04:55','2025-11-27 11:05:58',25039,1,1),(801,'WordSendMessage','2025-11-27 11:06:09','2025-11-27 11:05:59',25184,1,1),(802,'WordValidationMessage','2025-11-27 11:05:56','2025-11-27 11:05:59',25268,1,1),(803,'WordSendMessage','2025-11-27 11:05:58','2025-11-27 11:05:59',25146,1,1),(804,'PowerUpMessage','2025-11-27 11:06:04','2025-11-27 11:05:59',25191,1,1),(805,'WordSendMessage','2025-11-27 11:05:00','2025-11-27 11:06:00',25270,1,1),(806,'WordValidationMessage','2025-11-27 11:04:57','2025-11-27 11:06:00',25039,1,1),(807,'WordSendMessage','2025-11-27 11:06:03','2025-11-27 11:06:01',25352,1,1),(808,'PowerUpMessage','2025-11-27 11:06:03','2025-11-27 11:06:01',25089,1,1),(809,'WordSendMessage','2025-11-27 11:05:58','2025-11-27 11:06:02',25268,1,1),(810,'WordSendMessage','2025-11-27 11:06:01','2025-11-27 11:06:02',25065,1,1),(811,'PowerUpMessage','2025-11-27 11:04:59','2025-11-27 11:06:02',25039,1,1),(812,'WordValidationMessage','2025-11-27 11:06:08','2025-11-27 11:06:03',25191,1,1),(813,'WordSendMessage','2025-11-27 11:06:13','2025-11-27 11:06:03',25184,1,1),(814,'TimeStatsMessage','2025-11-27 11:06:10','2025-11-27 11:06:03',25151,1,1),(815,'WordSendMessage','2025-11-27 11:06:10','2025-11-27 11:06:03',25151,1,1),(816,'GameModeMessage','2025-11-27 11:06:08','2025-11-27 11:06:06',25315,1,1),(817,'WordSendMessage','2025-11-27 11:07:11','2025-11-27 11:06:06',25121,1,1),(818,'CaseDetailsMessage','2025-11-27 11:06:06','2025-11-27 11:06:06',25123,1,1),(819,'WordValidationMessage','2025-11-27 11:07:08','2025-11-27 11:06:07',25120,1,1),(820,'WordSendMessage','2025-11-27 11:06:12','2025-11-27 11:06:07',25191,1,1),(821,'WordValidationMessage','2025-11-27 11:06:10','2025-11-27 11:06:08',25089,1,1),(822,'WordSendMessage','2025-11-27 11:06:11','2025-11-27 11:06:08',25015,1,1),(823,'WordSendMessage','2025-11-27 11:06:06','2025-11-27 11:06:09',25268,1,1),(824,'WordSendMessage','2025-11-27 11:05:09','2025-11-27 11:06:09',25270,1,1),(825,'WordValidationMessage','2025-11-27 11:05:07','2025-11-27 11:06:11',25039,1,1),(826,'WordValidationMessage','2025-11-27 11:08:28','2025-11-27 11:06:11',25370,1,1),(827,'WordSendMessage','2025-11-27 11:06:17','2025-11-27 11:06:12',25191,1,1),(828,'WordValidationMessage','2025-11-27 11:06:17','2025-11-27 11:06:14',25352,1,1),(829,'TimeStatsMessage','2025-11-27 11:06:12','2025-11-27 11:06:15',25268,1,1),(830,'WordSendMessage','2025-11-27 11:06:12','2025-11-27 11:06:15',25268,1,1),(831,'TimeStatsMessage','2025-11-27 11:06:18','2025-11-27 11:06:15',25015,1,1),(832,'WordSendMessage','2025-11-27 11:06:18','2025-11-27 11:06:15',25015,1,1),(833,'WordValidationMessage','2025-11-27 11:05:28','2025-11-27 11:06:16',25364,1,1),(834,'PowerUpMessage','2025-11-27 11:06:26','2025-11-27 11:06:16',25184,1,1),(835,'WordValidationMessage','2025-11-27 11:06:16','2025-11-27 11:06:16',25098,1,1),(836,'WordValidationMessage','2025-11-27 11:06:19','2025-11-27 11:06:18',25089,1,1),(837,'WordSendMessage','2025-11-27 11:07:23','2025-11-27 11:06:18',25121,1,1),(838,'WordValidationMessage','2025-11-27 11:06:29','2025-11-27 11:06:19',25184,1,1),(839,'WordValidationMessage','2025-11-27 11:06:20','2025-11-27 11:06:19',25218,1,1),(840,'WordValidationMessage','2025-11-27 11:05:32','2025-11-27 11:06:20',25364,1,1),(841,'WordValidationMessage','2025-11-27 11:05:17','2025-11-27 11:06:21',25039,1,1),(842,'WordValidationMessage','2025-11-27 11:06:31','2025-11-27 11:06:21',25184,1,1),(843,'CaseSelectedMessage','2025-11-27 11:06:21','2025-11-27 11:06:21',25244,1,1),(844,'TimeStatsMessage','2025-11-27 11:06:21','2025-11-27 11:06:21',25244,1,1),(845,'WordSendMessage','2025-11-27 11:06:22','2025-11-27 11:06:22',25098,1,1),(846,'WordSendMessage','2025-11-27 11:07:23','2025-11-27 11:06:22',25120,1,1),(847,'TimeStatsMessage','2025-11-27 11:06:26','2025-11-27 11:06:23',25015,1,1),(848,'CaseSelectedMessage','2025-11-27 11:06:26','2025-11-27 11:06:23',25015,1,1),(849,'CaseSelectedMessage','2025-11-27 11:06:30','2025-11-27 11:06:23',25151,1,1),(850,'TimeStatsMessage','2025-11-27 11:06:30','2025-11-27 11:06:23',25151,1,1),(851,'PowerUpMessage','2025-11-27 11:06:29','2025-11-27 11:06:25',25191,1,1),(852,'WordSendMessage','2025-11-27 11:06:35','2025-11-27 11:06:25',25184,1,1),(853,'WordSendMessage','2025-11-27 11:08:42','2025-11-27 11:06:25',25370,1,1),(854,'WordValidationMessage','2025-11-27 11:06:28','2025-11-27 11:06:26',25089,1,1),(855,'WordValidationMessage','2025-11-27 11:06:33','2025-11-27 11:06:28',25191,1,1),(856,'WordValidationMessage','2025-11-27 11:07:29','2025-11-27 11:06:28',25120,1,1),(857,'WordSendMessage','2025-11-27 11:06:28','2025-11-27 11:06:29',25146,1,1),(858,'GameModeMessage','2025-11-27 11:06:31','2025-11-27 11:06:29',25315,1,1),(859,'WordValidationMessage','2025-11-27 11:06:34','2025-11-27 11:06:29',25191,1,1),(860,'WordSendMessage','2025-11-27 11:08:47','2025-11-27 11:06:30',25370,1,1),(861,'WordSendMessage','2025-11-27 11:05:27','2025-11-27 11:06:31',25039,1,1),(862,'PowerUpMessage','2025-11-27 11:06:41','2025-11-27 11:06:31',25184,1,1),(863,'WordValidationMessage','2025-11-27 11:06:34','2025-11-27 11:06:32',25089,1,1),(864,'PowerUpMessage','2025-11-27 11:06:37','2025-11-27 11:06:32',25191,1,1),(865,'WordValidationMessage','2025-11-27 11:06:43','2025-11-27 11:06:33',25184,1,1),(866,'TimeStatsMessage','2025-11-27 11:08:35','2025-11-27 11:06:34',25203,1,1),(867,'PlayGameMessage','2025-11-27 11:08:35','2025-11-27 11:06:34',25203,1,1),(868,'WordSendMessage','2025-11-27 11:06:34','2025-11-27 11:06:34',25098,1,1),(869,'WordValidationMessage','2025-11-27 11:06:40','2025-11-27 11:06:35',25191,1,1),(870,'CaseDetailsMessage','2025-11-27 11:06:36','2025-11-27 11:06:35',25218,1,1),(871,'WordSendMessage','2025-11-27 11:06:35','2025-11-27 11:06:36',25244,1,1),(872,'WordValidationMessage','2025-11-27 11:08:53','2025-11-27 11:06:36',25370,1,1),(873,'WordSendMessage','2025-11-27 11:06:47','2025-11-27 11:06:37',25184,1,1),(874,'CaseSelectedMessage','2025-11-27 11:06:35','2025-11-27 11:06:39',25268,1,1),(875,'TimeStatsMessage','2025-11-27 11:06:35','2025-11-27 11:06:39',25268,1,1),(876,'PowerUpMessage','2025-11-27 11:05:36','2025-11-27 11:06:40',25039,1,1),(877,'CaseSelectedMessage','2025-11-27 11:06:42','2025-11-27 11:06:40',25315,1,1),(878,'TimeStatsMessage','2025-11-27 11:06:42','2025-11-27 11:06:40',25315,1,1),(879,'TimeStatsMessage','2025-11-27 11:07:45','2025-11-27 11:06:40',25121,1,1),(880,'WordSendMessage','2025-11-27 11:07:45','2025-11-27 11:06:40',25121,1,1),(881,'WordSendMessage','2025-11-27 11:06:43','2025-11-27 11:06:40',25352,1,1),(882,'WordSendMessage','2025-11-27 11:06:43','2025-11-27 11:06:41',25015,1,1),(883,'WordSendMessage','2025-11-27 11:06:47','2025-11-27 11:06:42',25191,1,1),(884,'WordSendMessage','2025-11-27 11:09:02','2025-11-27 11:06:45',25370,1,1),(885,'WordValidationMessage','2025-11-27 11:06:53','2025-11-27 11:06:46',25151,1,1),(886,'TimeStatsMessage','2025-11-27 11:07:53','2025-11-27 11:06:48',25121,1,1),(887,'CaseSelectedMessage','2025-11-27 11:07:53','2025-11-27 11:06:48',25121,1,1),(888,'PowerUpMessage','2025-11-27 11:06:53','2025-11-27 11:06:48',25191,1,1),(889,'WordValidationMessage','2025-11-27 11:06:45','2025-11-27 11:06:48',25268,1,1),(890,'WordSendMessage','2025-11-27 11:06:51','2025-11-27 11:06:50',25218,1,1),(891,'WordValidationMessage','2025-11-27 11:06:47','2025-11-27 11:06:50',25268,1,1),(892,'WordValidationMessage','2025-11-27 11:07:02','2025-11-27 11:06:52',25184,1,1),(893,'WordValidationMessage','2025-11-27 11:06:52','2025-11-27 11:06:52',25123,1,1),(894,'WordSendMessage','2025-11-27 11:09:09','2025-11-27 11:06:52',25370,1,1),(895,'WordSendMessage','2025-11-27 11:06:59','2025-11-27 11:06:54',25191,1,1),(896,'GameModeMessage','2025-11-27 11:08:56','2025-11-27 11:06:55',25203,1,1),(897,'WordSendMessage','2025-11-27 11:07:06','2025-11-27 11:06:56',25184,1,1),(898,'TimeStatsMessage','2025-11-27 11:08:58','2025-11-27 11:06:57',25203,1,1),(899,'CaseSelectedMessage','2025-11-27 11:08:58','2025-11-27 11:06:57',25203,1,1),(900,'WordValidationMessage','2025-11-27 11:07:58','2025-11-27 11:06:58',25120,1,1),(901,'WordSendMessage','2025-11-27 11:06:59','2025-11-27 11:06:58',25218,1,1),(902,'WordSendMessage','2025-11-27 11:06:57','2025-11-27 11:06:58',25146,1,1),(903,'WordSendMessage','2025-11-27 11:08:03','2025-11-27 11:06:58',25121,1,1),(904,'PowerUpMessage','2025-11-27 11:07:09','2025-11-27 11:06:59',25184,1,1),(905,'WordValidationMessage','2025-11-27 11:06:59','2025-11-27 11:07:00',25065,1,1),(906,'WordSendMessage','2025-11-27 11:07:03','2025-11-27 11:07:01',25352,1,1),(907,'WordValidationMessage','2025-11-27 11:08:02','2025-11-27 11:07:01',25120,1,1),(908,'WordValidationMessage','2025-11-27 11:06:01','2025-11-27 11:07:02',25270,1,1),(909,'WordValidationMessage','2025-11-27 11:08:03','2025-11-27 11:07:02',25120,1,1),(910,'WordValidationMessage','2025-11-27 11:08:04','2025-11-27 11:07:03',25120,1,1),(911,'WordValidationMessage','2025-11-27 11:08:04','2025-11-27 11:07:04',25120,1,1),(912,'WordSendMessage','2025-11-27 11:07:14','2025-11-27 11:07:04',25184,1,1),(913,'WordValidationMessage','2025-11-27 11:07:09','2025-11-27 11:07:04',25191,1,1),(914,'WordValidationMessage','2025-11-27 11:07:11','2025-11-27 11:07:04',25151,1,1),(915,'WordSendMessage','2025-11-27 11:08:10','2025-11-27 11:07:05',25121,1,1),(916,'WordSendMessage','2025-11-27 11:07:05','2025-11-27 11:07:05',25065,1,1),(917,'WordValidationMessage','2025-11-27 11:07:10','2025-11-27 11:07:05',25191,1,1),(918,'WordSendMessage','2025-11-27 11:07:16','2025-11-27 11:07:06',25184,1,1),(919,'WordValidationMessage','2025-11-27 11:07:03','2025-11-27 11:07:06',25268,1,1),(920,'WordSendMessage','2025-11-27 11:06:06','2025-11-27 11:07:07',25270,1,1),(921,'WordValidationMessage','2025-11-27 11:09:07','2025-11-27 11:07:07',25203,1,1),(922,'WordSendMessage','2025-11-27 11:07:08','2025-11-27 11:07:07',25218,1,1),(923,'WordSendMessage','2025-11-27 11:07:09','2025-11-27 11:07:07',25089,1,1),(924,'WordSendMessage','2025-11-27 11:08:10','2025-11-27 11:07:09',25120,1,1),(925,'WordValidationMessage','2025-11-27 11:07:10','2025-11-27 11:07:11',25244,1,1),(926,'WordSendMessage','2025-11-27 11:07:21','2025-11-27 11:07:11',25184,1,1),(927,'WordValidationMessage','2025-11-27 11:09:12','2025-11-27 11:07:11',25203,1,1),(928,'WordSendMessage','2025-11-27 11:07:13','2025-11-27 11:07:11',25315,1,1),(929,'WordValidationMessage','2025-11-27 11:07:13','2025-11-27 11:07:14',25123,1,1),(930,'WordSendMessage','2025-11-27 11:06:13','2025-11-27 11:07:14',25270,1,1),(931,'WordValidationMessage','2025-11-27 11:07:21','2025-11-27 11:07:14',25151,1,1),(932,'WordSendMessage','2025-11-27 11:07:14','2025-11-27 11:07:15',25065,1,1),(933,'WordValidationMessage','2025-11-27 11:07:12','2025-11-27 11:07:15',25268,1,1),(934,'WordValidationMessage','2025-11-27 11:07:13','2025-11-27 11:07:16',25268,1,1),(935,'WordSendMessage','2025-11-27 11:07:16','2025-11-27 11:07:17',25065,1,1),(936,'WordValidationMessage','2025-11-27 11:07:21','2025-11-27 11:07:19',25315,1,1),(937,'GameModeMessage','2025-11-27 11:07:19','2025-11-27 11:07:21',25146,1,1),(938,'WordSendMessage','2025-11-27 11:07:23','2025-11-27 11:07:21',25352,1,1),(939,'WordValidationMessage','2025-11-27 11:07:19','2025-11-27 11:07:22',25268,1,1),(940,'WordValidationMessage','2025-11-27 11:07:25','2025-11-27 11:07:23',25015,1,1),(941,'PowerUpMessage','2025-11-27 11:07:22','2025-11-27 11:07:23',25065,1,1),(942,'WordSendMessage','2025-11-27 11:07:24','2025-11-27 11:07:23',25218,1,1),(943,'WordValidationMessage','2025-11-27 11:07:21','2025-11-27 11:07:24',25268,1,1),(944,'WordSendMessage','2025-11-27 11:08:26','2025-11-27 11:07:25',25120,1,1),(945,'WordSendMessage','2025-11-27 11:07:24','2025-11-27 11:07:25',25244,1,1),(946,'WordValidationMessage','2025-11-27 11:07:28','2025-11-27 11:07:25',25015,1,1),(947,'WordValidationMessage','2025-11-27 11:07:22','2025-11-27 11:07:26',25268,1,1),(948,'WordSendMessage','2025-11-27 11:07:33','2025-11-27 11:07:26',25151,1,1),(949,'WordSendMessage','2025-11-27 11:06:26','2025-11-27 11:07:26',25270,1,1),(950,'WordSendMessage','2025-11-27 11:07:30','2025-11-27 11:07:29',25218,1,1),(951,'WordSendMessage','2025-11-27 11:07:36','2025-11-27 11:07:29',25151,1,1),(952,'WordValidationMessage','2025-11-27 11:07:29','2025-11-27 11:07:30',25244,1,1),(953,'WordValidationMessage','2025-11-27 11:07:30','2025-11-27 11:07:30',25098,1,1),(954,'WordValidationMessage','2025-11-27 11:07:41','2025-11-27 11:07:31',25184,1,1),(955,'WordSendMessage','2025-11-27 11:07:33','2025-11-27 11:07:31',25089,1,1),(956,'PowerUpMessage','2025-11-27 11:06:28','2025-11-27 11:07:31',25039,1,1),(957,'WordValidationMessage','2025-11-27 11:09:32','2025-11-27 11:07:31',25203,1,1),(958,'WordValidationMessage','2025-11-27 11:07:30','2025-11-27 11:07:33',25268,1,1),(959,'WordValidationMessage','2025-11-27 11:07:35','2025-11-27 11:07:34',25315,1,1),(960,'WordValidationMessage','2025-11-27 11:07:38','2025-11-27 11:07:35',25015,1,1),(961,'WordSendMessage','2025-11-27 11:07:36','2025-11-27 11:07:35',25315,1,1),(962,'WordValidationMessage','2025-11-27 11:07:43','2025-11-27 11:07:36',25151,1,1),(963,'WordValidationMessage','2025-11-27 11:07:39','2025-11-27 11:07:36',25015,1,1),(964,'WordValidationMessage','2025-11-27 11:06:48','2025-11-27 11:07:37',25364,1,1),(965,'WordSendMessage','2025-11-27 11:08:38','2025-11-27 11:07:37',25120,1,1),(966,'CaseDetailsMessage','2025-11-27 11:06:34','2025-11-27 11:07:37',25039,1,1),(967,'WordSendMessage','2025-11-27 11:07:34','2025-11-27 11:07:38',25268,1,1),(968,'WordValidationMessage','2025-11-27 11:07:41','2025-11-27 11:07:38',25015,1,1),(969,'WordValidationMessage','2025-11-27 11:06:50','2025-11-27 11:07:38',25364,1,1),(970,'WordSendMessage','2025-11-27 11:07:40','2025-11-27 11:07:39',25089,1,1),(971,'WordSendMessage','2025-11-27 11:07:41','2025-11-27 11:07:39',25315,1,1),(972,'WordValidationMessage','2025-11-27 11:06:52','2025-11-27 11:07:40',25364,1,1),(973,'WordSendMessage','2025-11-27 11:07:42','2025-11-27 11:07:41',25218,1,1),(974,'WordSendMessage','2025-11-27 11:07:48','2025-11-27 11:07:41',25151,1,1),(975,'WordValidationMessage','2025-11-27 11:07:44','2025-11-27 11:07:42',25015,1,1),(976,'WordValidationMessage','2025-11-27 11:09:43','2025-11-27 11:07:43',25203,1,1),(977,'WordValidationMessage','2025-11-27 11:06:55','2025-11-27 11:07:43',25364,1,1),(978,'WordSendMessage','2025-11-27 11:08:49','2025-11-27 11:07:44',25121,1,1),(979,'WordSendMessage','2025-11-27 11:07:47','2025-11-27 11:07:45',25315,1,1),(980,'WordValidationMessage','2025-11-27 11:06:45','2025-11-27 11:07:45',25270,1,1),(981,'WordSendMessage','2025-11-27 11:07:55','2025-11-27 11:07:45',25184,1,1),(982,'WordSendMessage','2025-11-27 11:07:47','2025-11-27 11:07:45',25089,1,1),(983,'WordSendMessage','2025-11-27 11:07:46','2025-11-27 11:07:46',25244,1,1),(984,'WordSendMessage','2025-11-27 11:07:43','2025-11-27 11:07:46',25268,1,1),(985,'WordValidationMessage','2025-11-27 11:07:53','2025-11-27 11:07:46',25151,1,1),(986,'WordSendMessage','2025-11-27 11:07:50','2025-11-27 11:07:47',25352,1,1),(987,'WordSendMessage','2025-11-27 11:06:48','2025-11-27 11:07:48',25270,1,1),(988,'WordSendMessage','2025-11-27 11:07:55','2025-11-27 11:07:48',25151,1,1),(989,'WordValidationMessage','2025-11-27 11:08:53','2025-11-27 11:07:48',25121,1,1),(990,'WordSendMessage','2025-11-27 11:10:06','2025-11-27 11:07:49',25370,1,1),(991,'WordValidationMessage','2025-11-27 11:07:52','2025-11-27 11:07:49',25015,1,1),(992,'WordSendMessage','2025-11-27 11:09:50','2025-11-27 11:07:49',25203,1,1),(993,'WordSendMessage','2025-11-27 11:07:51','2025-11-27 11:07:50',25218,1,1),(994,'WordSendMessage','2025-11-27 11:07:52','2025-11-27 11:07:51',25089,1,1),(995,'WordSendMessage','2025-11-27 11:07:51','2025-11-27 11:07:51',25098,1,1),(996,'WordSendMessage','2025-11-27 11:07:50','2025-11-27 11:07:51',25244,1,1),(997,'WordSendMessage','2025-11-27 11:07:54','2025-11-27 11:07:52',25015,1,1),(998,'WordValidationMessage','2025-11-27 11:08:57','2025-11-27 11:07:52',25121,1,1),(999,'WordSendMessage','2025-11-27 11:07:51','2025-11-27 11:07:52',25065,1,1),(1000,'WordSendMessage','2025-11-27 11:07:59','2025-11-27 11:07:52',25151,1,1),(1001,'WordSendMessage','2025-11-27 11:09:53','2025-11-27 11:07:53',25203,1,1),(1002,'WordValidationMessage','2025-11-27 11:08:58','2025-11-27 11:07:53',25121,1,1),(1003,'PowerUpMessage','2025-11-27 11:07:56','2025-11-27 11:07:54',25015,1,1),(1004,'WordValidationMessage','2025-11-27 11:07:56','2025-11-27 11:07:54',25315,1,1),(1005,'PowerUpMessage','2025-11-27 11:07:56','2025-11-27 11:07:54',25089,1,1),(1006,'WordValidationMessage','2025-11-27 11:07:59','2025-11-27 11:07:56',25015,1,1),(1007,'WordSendMessage','2025-11-27 11:09:57','2025-11-27 11:07:56',25203,1,1),(1008,'WordValidationMessage','2025-11-27 11:06:53','2025-11-27 11:07:57',25039,1,1),(1009,'WordValidationMessage','2025-11-27 11:07:57','2025-11-27 11:07:58',25244,1,1),(1010,'WordSendMessage','2025-11-27 11:08:01','2025-11-27 11:07:58',25015,1,1),(1011,'WordSendMessage','2025-11-27 11:07:59','2025-11-27 11:07:58',25218,1,1),(1012,'WordSendMessage','2025-11-27 11:08:06','2025-11-27 11:07:59',25151,1,1),(1013,'WordSendMessage','2025-11-27 11:09:59','2025-11-27 11:07:59',25203,1,1),(1014,'WordValidationMessage','2025-11-27 11:08:01','2025-11-27 11:07:59',25089,1,1),(1015,'WordValidationMessage','2025-11-27 11:06:59','2025-11-27 11:07:59',25270,1,1),(1016,'WordSendMessage','2025-11-27 11:08:00','2025-11-27 11:08:01',25098,1,1),(1017,'WordValidationMessage','2025-11-27 11:08:02','2025-11-27 11:08:01',25089,1,1),(1018,'WordSendMessage','2025-11-27 11:08:12','2025-11-27 11:08:02',25184,1,1),(1019,'WordSendMessage','2025-11-27 11:08:04','2025-11-27 11:08:02',25015,1,1),(1020,'WordSendMessage','2025-11-27 11:10:03','2025-11-27 11:08:03',25203,1,1),(1021,'WordSendMessage','2025-11-27 11:08:10','2025-11-27 11:08:03',25151,1,1),(1022,'WordSendMessage','2025-11-27 11:08:03','2025-11-27 11:08:03',25065,1,1),(1023,'WordSendMessage','2025-11-27 11:08:14','2025-11-27 11:08:04',25184,1,1),(1024,'WordSendMessage','2025-11-27 11:07:04','2025-11-27 11:08:04',25270,1,1),(1025,'CaseSelectedMessage','2025-11-27 11:08:03','2025-11-27 11:08:04',25146,1,1),(1026,'TimeStatsMessage','2025-11-27 11:08:03','2025-11-27 11:08:04',25146,1,1),(1027,'WordValidationMessage','2025-11-27 11:09:06','2025-11-27 11:08:05',25120,1,1),(1028,'WordSendMessage','2025-11-27 11:08:08','2025-11-27 11:08:05',25015,1,1),(1029,'WordSendMessage','2025-11-27 11:08:04','2025-11-27 11:08:05',25244,1,1),(1030,'PowerUpMessage','2025-11-27 11:10:06','2025-11-27 11:08:06',25203,1,1),(1031,'WordValidationMessage','2025-11-27 11:08:11','2025-11-27 11:08:06',25191,1,1),(1032,'PowerUpMessage','2025-11-27 11:08:09','2025-11-27 11:08:06',25015,1,1),(1033,'WordValidationMessage','2025-11-27 11:08:08','2025-11-27 11:08:07',25089,1,1),(1034,'WordValidationMessage','2025-11-27 11:09:13','2025-11-27 11:08:08',25121,1,1),(1035,'WordValidationMessage','2025-11-27 11:08:11','2025-11-27 11:08:08',25352,1,1),(1036,'WordValidationMessage','2025-11-27 11:07:05','2025-11-27 11:08:08',25039,1,1),(1037,'WordValidationMessage','2025-11-27 11:09:14','2025-11-27 11:08:09',25121,1,1),(1038,'WordValidationMessage','2025-11-27 11:07:09','2025-11-27 11:08:09',25270,1,1),(1039,'WordValidationMessage','2025-11-27 11:09:15','2025-11-27 11:08:10',25121,1,1),(1040,'WordSendMessage','2025-11-27 11:08:09','2025-11-27 11:08:10',25065,1,1),(1041,'WordSendMessage','2025-11-27 11:08:09','2025-11-27 11:08:10',25098,1,1),(1042,'WordValidationMessage','2025-11-27 11:08:12','2025-11-27 11:08:10',25352,1,1),(1043,'WordValidationMessage','2025-11-27 11:09:15','2025-11-27 11:08:10',25121,1,1),(1044,'WordValidationMessage','2025-11-27 11:08:15','2025-11-27 11:08:10',25191,1,1),(1045,'WordValidationMessage','2025-11-27 11:09:15','2025-11-27 11:08:10',25121,1,1),(1046,'WordValidationMessage','2025-11-27 11:09:16','2025-11-27 11:08:11',25121,1,1),(1047,'WordValidationMessage','2025-11-27 11:08:16','2025-11-27 11:08:11',25191,1,1),(1048,'WordValidationMessage','2025-11-27 11:07:23','2025-11-27 11:08:11',25364,1,1),(1049,'WordValidationMessage','2025-11-27 11:09:16','2025-11-27 11:08:11',25121,1,1),(1050,'WordValidationMessage','2025-11-27 11:09:17','2025-11-27 11:08:12',25121,1,1),(1051,'WordValidationMessage','2025-11-27 11:09:17','2025-11-27 11:08:12',25121,1,1),(1052,'WordValidationMessage','2025-11-27 11:08:09','2025-11-27 11:08:12',25268,1,1),(1053,'WordValidationMessage','2025-11-27 11:09:18','2025-11-27 11:08:13',25121,1,1),(1054,'WordSendMessage','2025-11-27 11:10:30','2025-11-27 11:08:13',25370,1,1),(1055,'WordValidationMessage','2025-11-27 11:07:25','2025-11-27 11:08:13',25364,1,1),(1056,'WordValidationMessage','2025-11-27 11:08:18','2025-11-27 11:08:13',25191,1,1),(1057,'WordValidationMessage','2025-11-27 11:09:18','2025-11-27 11:08:13',25121,1,1),(1058,'WordValidationMessage','2025-11-27 11:08:12','2025-11-27 11:08:13',25244,1,1),(1059,'WordValidationMessage','2025-11-27 11:09:18','2025-11-27 11:08:13',25121,1,1),(1060,'WordValidationMessage','2025-11-27 11:07:25','2025-11-27 11:08:14',25364,1,1),(1061,'WordValidationMessage','2025-11-27 11:08:18','2025-11-27 11:08:14',25191,1,1),(1062,'WordValidationMessage','2025-11-27 11:09:19','2025-11-27 11:08:14',25121,1,1),(1063,'WordSendMessage','2025-11-27 11:08:15','2025-11-27 11:08:14',25218,1,1),(1064,'WordValidationMessage','2025-11-27 11:09:19','2025-11-27 11:08:14',25121,1,1),(1065,'WordValidationMessage','2025-11-27 11:07:26','2025-11-27 11:08:14',25364,1,1),(1066,'TimeStatsMessage','2025-11-27 11:08:21','2025-11-27 11:08:14',25151,1,1),(1067,'WordSendMessage','2025-11-27 11:08:21','2025-11-27 11:08:14',25151,1,1),(1068,'WordValidationMessage','2025-11-27 11:09:19','2025-11-27 11:08:14',25121,1,1),(1069,'WordValidationMessage','2025-11-27 11:08:16','2025-11-27 11:08:14',25089,1,1),(1070,'WordValidationMessage','2025-11-27 11:09:20','2025-11-27 11:08:15',25121,1,1),(1071,'WordValidationMessage','2025-11-27 11:09:20','2025-11-27 11:08:15',25121,1,1),(1072,'WordSendMessage','2025-11-27 11:08:12','2025-11-27 11:08:15',25268,1,1),(1073,'WordSendMessage','2025-11-27 11:10:15','2025-11-27 11:08:15',25203,1,1),(1074,'WordValidationMessage','2025-11-27 11:09:20','2025-11-27 11:08:15',25121,1,1),(1075,'WordValidationMessage','2025-11-27 11:09:20','2025-11-27 11:08:15',25121,1,1),(1076,'WordValidationMessage','2025-11-27 11:09:21','2025-11-27 11:08:16',25121,1,1),(1077,'WordValidationMessage','2025-11-27 11:08:20','2025-11-27 11:08:16',25191,1,1),(1078,'WordValidationMessage','2025-11-27 11:09:21','2025-11-27 11:08:16',25121,1,1),(1079,'WordValidationMessage','2025-11-27 11:09:21','2025-11-27 11:08:16',25121,1,1),(1080,'WordValidationMessage','2025-11-27 11:09:22','2025-11-27 11:08:17',25121,1,1),(1081,'WordValidationMessage','2025-11-27 11:08:18','2025-11-27 11:08:17',25089,1,1),(1082,'WordValidationMessage','2025-11-27 11:09:22','2025-11-27 11:08:17',25121,1,1),(1083,'WordValidationMessage','2025-11-27 11:09:22','2025-11-27 11:08:17',25121,1,1),(1084,'WordValidationMessage','2025-11-27 11:09:23','2025-11-27 11:08:18',25121,1,1),(1085,'WordSendMessage','2025-11-27 11:08:23','2025-11-27 11:08:18',25191,1,1),(1086,'PowerUpMessage','2025-11-27 11:08:20','2025-11-27 11:08:18',25089,1,1),(1087,'WordValidationMessage','2025-11-27 11:09:23','2025-11-27 11:08:18',25121,1,1),(1088,'WordValidationMessage','2025-11-27 11:09:24','2025-11-27 11:08:19',25121,1,1),(1089,'WordSendMessage','2025-11-27 11:10:20','2025-11-27 11:08:19',25203,1,1),(1090,'WordValidationMessage','2025-11-27 11:09:25','2025-11-27 11:08:20',25121,1,1),(1091,'PowerUpMessage','2025-11-27 11:07:31','2025-11-27 11:08:20',25364,1,1),(1092,'WordSendMessage','2025-11-27 11:07:19','2025-11-27 11:08:20',25270,1,1),(1093,'WordSendMessage','2025-11-27 11:08:19','2025-11-27 11:08:20',25244,1,1),(1094,'WordValidationMessage','2025-11-27 11:09:25','2025-11-27 11:08:20',25121,1,1),(1095,'WordSendMessage','2025-11-27 11:10:38','2025-11-27 11:08:20',25370,1,1),(1096,'WordValidationMessage','2025-11-27 11:08:23','2025-11-27 11:08:20',25015,1,1),(1097,'WordValidationMessage','2025-11-27 11:07:17','2025-11-27 11:08:21',25039,1,1),(1098,'WordValidationMessage','2025-11-27 11:09:26','2025-11-27 11:08:21',25121,1,1),(1099,'WordSendMessage','2025-11-27 11:08:25','2025-11-27 11:08:22',25015,1,1),(1100,'WordValidationMessage','2025-11-27 11:09:27','2025-11-27 11:08:22',25121,1,1),(1101,'WordValidationMessage','2025-11-27 11:08:24','2025-11-27 11:08:22',25089,1,1),(1102,'WordValidationMessage','2025-11-27 11:08:23','2025-11-27 11:08:22',25218,1,1),(1103,'WordValidationMessage','2025-11-27 11:09:28','2025-11-27 11:08:23',25121,1,1),(1104,'WordValidationMessage','2025-11-27 11:07:34','2025-11-27 11:08:23',25364,1,1),(1105,'WordValidationMessage','2025-11-27 11:08:25','2025-11-27 11:08:23',25315,1,1),(1106,'WordValidationMessage','2025-11-27 11:08:25','2025-11-27 11:08:23',25089,1,1),(1107,'WordValidationMessage','2025-11-27 11:09:29','2025-11-27 11:08:24',25121,1,1),(1108,'WordValidationMessage','2025-11-27 11:07:23','2025-11-27 11:08:24',25270,1,1),(1109,'WordSendMessage','2025-11-27 11:08:24','2025-11-27 11:08:24',25098,1,1),(1110,'WordValidationMessage','2025-11-27 11:07:36','2025-11-27 11:08:24',25364,1,1),(1111,'WordValidationMessage','2025-11-27 11:09:30','2025-11-27 11:08:25',25121,1,1),(1112,'WordValidationMessage','2025-11-27 11:09:30','2025-11-27 11:08:25',25121,1,1),(1113,'PowerUpMessage','2025-11-27 11:08:25','2025-11-27 11:08:26',25244,1,1),(1114,'WordValidationMessage','2025-11-27 11:09:31','2025-11-27 11:08:26',25121,1,1),(1115,'WordValidationMessage','2025-11-27 11:09:31','2025-11-27 11:08:26',25121,1,1),(1116,'WordSendMessage','2025-11-27 11:08:29','2025-11-27 11:08:26',25015,1,1),(1117,'WordValidationMessage','2025-11-27 11:09:32','2025-11-27 11:08:27',25121,1,1),(1118,'WordSendMessage','2025-11-27 11:07:27','2025-11-27 11:08:27',25270,1,1),(1119,'WordSendMessage','2025-11-27 11:10:28','2025-11-27 11:08:27',25203,1,1),(1120,'WordValidationMessage','2025-11-27 11:07:40','2025-11-27 11:08:28',25364,1,1),(1121,'PowerUpMessage','2025-11-27 11:08:26','2025-11-27 11:08:29',25268,1,1),(1122,'WordValidationMessage','2025-11-27 11:07:41','2025-11-27 11:08:29',25364,1,1),(1123,'WordValidationMessage','2025-11-27 11:08:28','2025-11-27 11:08:30',25146,1,1),(1124,'WordValidationMessage','2025-11-27 11:07:42','2025-11-27 11:08:30',25364,1,1),(1125,'WordValidationMessage','2025-11-27 11:07:42','2025-11-27 11:08:30',25364,1,1),(1126,'WordValidationMessage','2025-11-27 11:08:33','2025-11-27 11:08:30',25352,1,1),(1127,'WordValidationMessage','2025-11-27 11:07:42','2025-11-27 11:08:31',25364,1,1),(1128,'WordValidationMessage','2025-11-27 11:07:42','2025-11-27 11:08:31',25364,1,1),(1129,'WordValidationMessage','2025-11-27 11:08:28','2025-11-27 11:08:31',25268,1,1),(1130,'WordValidationMessage','2025-11-27 11:07:43','2025-11-27 11:08:31',25364,1,1),(1131,'WordSendMessage','2025-11-27 11:10:32','2025-11-27 11:08:31',25203,1,1),(1132,'WordValidationMessage','2025-11-27 11:07:43','2025-11-27 11:08:32',25364,1,1),(1133,'WordValidationMessage','2025-11-27 11:07:44','2025-11-27 11:08:32',25364,1,1),(1134,'WordValidationMessage','2025-11-27 11:07:44','2025-11-27 11:08:33',25364,1,1),(1135,'WordValidationMessage','2025-11-27 11:08:34','2025-11-27 11:08:33',25089,1,1),(1136,'WordValidationMessage','2025-11-27 11:08:36','2025-11-27 11:08:33',25015,1,1),(1137,'CaseDetailsMessage','2025-11-27 11:08:43','2025-11-27 11:08:33',25184,1,1),(1138,'WordSendMessage','2025-11-27 11:08:30','2025-11-27 11:08:33',25268,1,1),(1139,'PowerUpMessage','2025-11-27 11:10:34','2025-11-27 11:08:34',25203,1,1),(1140,'WordSendMessage','2025-11-27 11:08:34','2025-11-27 11:08:34',25098,1,1),(1141,'WordValidationMessage','2025-11-27 11:07:46','2025-11-27 11:08:34',25364,1,1),(1142,'CaseDetailsMessage','2025-11-27 11:09:39','2025-11-27 11:08:34',25121,1,1),(1143,'WordValidationMessage','2025-11-27 11:08:36','2025-11-27 11:08:34',25089,1,1),(1144,'PowerUpMessage','2025-11-27 11:08:34','2025-11-27 11:08:35',25065,1,1),(1145,'WordValidationMessage','2025-11-27 11:08:37','2025-11-27 11:08:35',25015,1,1),(1146,'WordValidationMessage','2025-11-27 11:08:38','2025-11-27 11:08:35',25352,1,1),(1147,'WordValidationMessage','2025-11-27 11:10:36','2025-11-27 11:08:36',25203,1,1),(1148,'WordValidationMessage','2025-11-27 11:08:37','2025-11-27 11:08:36',25089,1,1),(1149,'TimeStatsMessage','2025-11-27 11:07:33','2025-11-27 11:08:37',25039,1,1),(1150,'WordSendMessage','2025-11-27 11:07:33','2025-11-27 11:08:37',25039,1,1),(1151,'WordSendMessage','2025-11-27 11:07:49','2025-11-27 11:08:37',25364,1,1),(1152,'WordValidationMessage','2025-11-27 11:10:57','2025-11-27 11:08:40',25370,1,1),(1153,'WordSendMessage','2025-11-27 11:07:41','2025-11-27 11:08:41',25270,1,1),(1154,'WordValidationMessage','2025-11-27 11:08:42','2025-11-27 11:08:42',25123,1,1),(1155,'WordSendMessage','2025-11-27 11:07:53','2025-11-27 11:08:42',25364,1,1),(1156,'CaseSelectedMessage','2025-11-27 11:08:50','2025-11-27 11:08:43',25151,1,1),(1157,'TimeStatsMessage','2025-11-27 11:08:50','2025-11-27 11:08:43',25151,1,1),(1158,'WordValidationMessage','2025-11-27 11:08:43','2025-11-27 11:08:43',25123,1,1),(1159,'WordSendMessage','2025-11-27 11:07:43','2025-11-27 11:08:44',25270,1,1),(1160,'WordSendMessage','2025-11-27 11:07:55','2025-11-27 11:08:44',25364,1,1),(1161,'WordSendMessage','2025-11-27 11:11:01','2025-11-27 11:08:44',25370,1,1),(1162,'PowerUpMessage','2025-11-27 11:08:48','2025-11-27 11:08:46',25315,1,1),(1163,'WordSendMessage','2025-11-27 11:08:51','2025-11-27 11:08:46',25191,1,1),(1164,'WordSendMessage','2025-11-27 11:08:50','2025-11-27 11:08:47',25015,1,1),(1165,'TimeStatsMessage','2025-11-27 11:08:57','2025-11-27 11:08:47',25184,1,1),(1166,'WordSendMessage','2025-11-27 11:08:57','2025-11-27 11:08:47',25184,1,1),(1167,'WordSendMessage','2025-11-27 11:07:59','2025-11-27 11:08:47',25364,1,1),(1168,'WordValidationMessage','2025-11-27 11:08:50','2025-11-27 11:08:49',25315,1,1),(1169,'WordValidationMessage','2025-11-27 11:10:49','2025-11-27 11:08:49',25203,1,1),(1170,'WordSendMessage','2025-11-27 11:08:01','2025-11-27 11:08:49',25364,1,1),(1171,'WordValidationMessage','2025-11-27 11:09:55','2025-11-27 11:08:50',25121,1,1),(1172,'WordValidationMessage','2025-11-27 11:08:53','2025-11-27 11:08:51',25015,1,1),(1173,'WordValidationMessage','2025-11-27 11:08:50','2025-11-27 11:08:51',25065,1,1),(1174,'WordValidationMessage','2025-11-27 11:08:53','2025-11-27 11:08:51',25315,1,1),(1175,'WordSendMessage','2025-11-27 11:10:53','2025-11-27 11:08:52',25203,1,1),(1176,'WordValidationMessage','2025-11-27 11:08:52','2025-11-27 11:08:52',25244,1,1),(1177,'WordValidationMessage','2025-11-27 11:09:57','2025-11-27 11:08:52',25121,1,1),(1178,'WordSendMessage','2025-11-27 11:08:54','2025-11-27 11:08:53',25089,1,1),(1179,'WordValidationMessage','2025-11-27 11:08:55','2025-11-27 11:08:54',25315,1,1),(1180,'WordValidationMessage','2025-11-27 11:08:05','2025-11-27 11:08:54',25364,1,1),(1181,'WordSendMessage','2025-11-27 11:08:53','2025-11-27 11:08:54',25065,1,1),(1182,'WordValidationMessage','2025-11-27 11:08:53','2025-11-27 11:08:54',25244,1,1),(1183,'WordValidationMessage','2025-11-27 11:10:00','2025-11-27 11:08:55',25121,1,1),(1184,'PowerUpMessage','2025-11-27 11:08:59','2025-11-27 11:08:56',25015,1,1),(1185,'WordValidationMessage','2025-11-27 11:07:56','2025-11-27 11:08:56',25270,1,1),(1186,'WordSendMessage','2025-11-27 11:11:13','2025-11-27 11:08:56',25370,1,1),(1187,'PowerUpMessage','2025-11-27 11:08:56','2025-11-27 11:08:56',25065,1,1),(1188,'WordValidationMessage','2025-11-27 11:10:02','2025-11-27 11:08:57',25121,1,1),(1189,'WordSendMessage','2025-11-27 11:08:59','2025-11-27 11:08:57',25089,1,1),(1190,'WordSendMessage','2025-11-27 11:10:58','2025-11-27 11:08:57',25203,1,1),(1191,'CaseSelectedMessage','2025-11-27 11:09:08','2025-11-27 11:08:58',25184,1,1),(1192,'TimeStatsMessage','2025-11-27 11:09:08','2025-11-27 11:08:58',25184,1,1),(1193,'PowerUpMessage','2025-11-27 11:10:59','2025-11-27 11:08:59',25203,1,1),(1194,'WordValidationMessage','2025-11-27 11:08:11','2025-11-27 11:08:59',25364,1,1),(1195,'WordValidationMessage','2025-11-27 11:10:04','2025-11-27 11:08:59',25121,1,1),(1196,'WordSendMessage','2025-11-27 11:07:59','2025-11-27 11:08:59',25270,1,1),(1197,'WordSendMessage','2025-11-27 11:08:59','2025-11-27 11:09:00',25065,1,1),(1198,'WordValidationMessage','2025-11-27 11:11:01','2025-11-27 11:09:01',25203,1,1),(1199,'WordValidationMessage','2025-11-27 11:08:13','2025-11-27 11:09:01',25364,1,1),(1200,'WordSendMessage','2025-11-27 11:09:04','2025-11-27 11:09:02',25315,1,1),(1201,'WordSendMessage','2025-11-27 11:11:19','2025-11-27 11:09:02',25370,1,1),(1202,'WordSendMessage','2025-11-27 11:09:04','2025-11-27 11:09:02',25089,1,1),(1203,'WordValidationMessage','2025-11-27 11:09:07','2025-11-27 11:09:02',25191,1,1),(1204,'WordValidationMessage','2025-11-27 11:09:02','2025-11-27 11:09:02',25123,1,1),(1205,'WordValidationMessage','2025-11-27 11:08:15','2025-11-27 11:09:03',25364,1,1),(1206,'WordSendMessage','2025-11-27 11:11:03','2025-11-27 11:09:03',25203,1,1),(1207,'CaseDetailsMessage','2025-11-27 11:09:04','2025-11-27 11:09:03',25218,1,1),(1208,'WordSendMessage','2025-11-27 11:09:03','2025-11-27 11:09:04',25244,1,1),(1209,'WordSendMessage','2025-11-27 11:09:03','2025-11-27 11:09:04',25065,1,1),(1210,'WordValidationMessage','2025-11-27 11:09:05','2025-11-27 11:09:05',25123,1,1),(1211,'WordValidationMessage','2025-11-27 11:09:08','2025-11-27 11:09:05',25352,1,1),(1212,'WordSendMessage','2025-11-27 11:08:06','2025-11-27 11:09:06',25270,1,1),(1213,'WordSendMessage','2025-11-27 11:09:08','2025-11-27 11:09:06',25089,1,1),(1214,'WordValidationMessage','2025-11-27 11:09:06','2025-11-27 11:09:07',25146,1,1),(1215,'TimeStatsMessage','2025-11-27 11:09:07','2025-11-27 11:09:07',25244,1,1),(1216,'WordSendMessage','2025-11-27 11:09:07','2025-11-27 11:09:07',25244,1,1),(1217,'WordSendMessage','2025-11-27 11:09:07','2025-11-27 11:09:08',25065,1,1),(1218,'TimeStatsMessage','2025-11-27 11:08:05','2025-11-27 11:09:08',25039,1,1),(1219,'CaseSelectedMessage','2025-11-27 11:08:05','2025-11-27 11:09:08',25039,1,1),(1220,'WordSendMessage','2025-11-27 11:09:14','2025-11-27 11:09:09',25191,1,1),(1221,'TimeStatsMessage','2025-11-27 11:10:10','2025-11-27 11:09:09',25120,1,1),(1222,'PlayGameMessage','2025-11-27 11:10:10','2025-11-27 11:09:09',25120,1,1),(1223,'WordValidationMessage','2025-11-27 11:09:09','2025-11-27 11:09:10',25146,1,1),(1224,'WordValidationMessage','2025-11-27 11:09:10','2025-11-27 11:09:10',25123,1,1),(1225,'WordSendMessage','2025-11-27 11:09:08','2025-11-27 11:09:11',25268,1,1),(1226,'WordSendMessage','2025-11-27 11:09:13','2025-11-27 11:09:11',25315,1,1),(1227,'WordSendMessage','2025-11-27 11:09:09','2025-11-27 11:09:13',25268,1,1),(1228,'WordSendMessage','2025-11-27 11:09:15','2025-11-27 11:09:13',25089,1,1),(1229,'WordSendMessage','2025-11-27 11:09:23','2025-11-27 11:09:13',25184,1,1),(1230,'TimeStatsMessage','2025-11-27 11:09:16','2025-11-27 11:09:13',25015,1,1),(1231,'WordSendMessage','2025-11-27 11:09:16','2025-11-27 11:09:13',25015,1,1),(1232,'WordSendMessage','2025-11-27 11:09:19','2025-11-27 11:09:15',25191,1,1),(1233,'GameModeMessage','2025-11-27 11:10:16','2025-11-27 11:09:15',25120,1,1),(1234,'PowerUpMessage','2025-11-27 11:09:18','2025-11-27 11:09:16',25089,1,1),(1235,'WordSendMessage','2025-11-27 11:09:16','2025-11-27 11:09:17',25146,1,1),(1236,'CaseSelectedMessage','2025-11-27 11:10:18','2025-11-27 11:09:17',25120,1,1),(1237,'TimeStatsMessage','2025-11-27 11:10:18','2025-11-27 11:09:17',25120,1,1),(1238,'WordSendMessage','2025-11-27 11:08:15','2025-11-27 11:09:18',25039,1,1),(1239,'TimeStatsMessage','2025-11-27 11:09:22','2025-11-27 11:09:19',25015,1,1),(1240,'CaseSelectedMessage','2025-11-27 11:09:22','2025-11-27 11:09:19',25015,1,1),(1241,'PowerUpMessage','2025-11-27 11:09:19','2025-11-27 11:09:20',25065,1,1),(1242,'WordSendMessage','2025-11-27 11:09:17','2025-11-27 11:09:20',25268,1,1),(1243,'WordSendMessage','2025-11-27 11:08:17','2025-11-27 11:09:21',25039,1,1),(1244,'WordValidationMessage','2025-11-27 11:08:34','2025-11-27 11:09:22',25364,1,1),(1245,'TimeStatsMessage','2025-11-27 11:09:23','2025-11-27 11:09:23',25244,1,1),(1246,'CaseSelectedMessage','2025-11-27 11:09:23','2025-11-27 11:09:23',25244,1,1),(1247,'WordSendMessage','2025-11-27 11:09:25','2025-11-27 11:09:24',25218,1,1),(1248,'WordValidationMessage','2025-11-27 11:08:36','2025-11-27 11:09:24',25364,1,1),(1249,'WordSendMessage','2025-11-27 11:08:21','2025-11-27 11:09:24',25039,1,1),(1250,'WordValidationMessage','2025-11-27 11:09:24','2025-11-27 11:09:25',25146,1,1),(1251,'WordValidationMessage','2025-11-27 11:08:37','2025-11-27 11:09:26',25364,1,1),(1252,'WordSendMessage','2025-11-27 11:09:34','2025-11-27 11:09:27',25151,1,1),(1253,'WordSendMessage','2025-11-27 11:09:24','2025-11-27 11:09:28',25268,1,1),(1254,'WordSendMessage','2025-11-27 11:09:33','2025-11-27 11:09:28',25191,1,1),(1255,'WordValidationMessage','2025-11-27 11:09:36','2025-11-27 11:09:29',25151,1,1),(1256,'WordSendMessage','2025-11-27 11:09:32','2025-11-27 11:09:30',25315,1,1),(1257,'WordValidationMessage','2025-11-27 11:10:36','2025-11-27 11:09:31',25121,1,1),(1258,'WordSendMessage','2025-11-27 11:09:35','2025-11-27 11:09:32',25015,1,1),(1259,'WordSendMessage','2025-11-27 11:09:32','2025-11-27 11:09:33',25244,1,1),(1260,'WordSendMessage','2025-11-27 11:09:36','2025-11-27 11:09:33',25015,1,1),(1261,'WordSendMessage','2025-11-27 11:09:39','2025-11-27 11:09:34',25191,1,1),(1262,'WordValidationMessage','2025-11-27 11:10:39','2025-11-27 11:09:34',25121,1,1),(1263,'WordSendMessage','2025-11-27 11:09:34','2025-11-27 11:09:34',25244,1,1),(1264,'WordValidationMessage','2025-11-27 11:10:40','2025-11-27 11:09:35',25121,1,1),(1265,'WordSendMessage','2025-11-27 11:11:35','2025-11-27 11:09:35',25203,1,1),(1266,'WordValidationMessage','2025-11-27 11:10:40','2025-11-27 11:09:35',25121,1,1),(1267,'WordValidationMessage','2025-11-27 11:08:47','2025-11-27 11:09:36',25364,1,1),(1268,'WordValidationMessage','2025-11-27 11:10:41','2025-11-27 11:09:36',25121,1,1),(1269,'WordSendMessage','2025-11-27 11:09:38','2025-11-27 11:09:36',25315,1,1),(1270,'WordSendMessage','2025-11-27 11:09:41','2025-11-27 11:09:36',25191,1,1),(1271,'WordValidationMessage','2025-11-27 11:08:36','2025-11-27 11:09:36',25270,1,1),(1272,'TimeStatsMessage','2025-11-27 11:09:33','2025-11-27 11:09:36',25268,1,1),(1273,'WordSendMessage','2025-11-27 11:09:33','2025-11-27 11:09:36',25268,1,1),(1274,'WordValidationMessage','2025-11-27 11:10:41','2025-11-27 11:09:36',25121,1,1),(1275,'WordValidationMessage','2025-11-27 11:10:38','2025-11-27 11:09:37',25120,1,1),(1276,'WordValidationMessage','2025-11-27 11:10:42','2025-11-27 11:09:37',25121,1,1),(1277,'WordValidationMessage','2025-11-27 11:10:42','2025-11-27 11:09:37',25121,1,1),(1278,'WordSendMessage','2025-11-27 11:09:42','2025-11-27 11:09:37',25191,1,1),(1279,'WordValidationMessage','2025-11-27 11:10:43','2025-11-27 11:09:38',25121,1,1),(1280,'WordValidationMessage','2025-11-27 11:10:43','2025-11-27 11:09:38',25121,1,1),(1281,'WordValidationMessage','2025-11-27 11:11:55','2025-11-27 11:09:38',25370,1,1),(1282,'PowerUpMessage','2025-11-27 11:09:41','2025-11-27 11:09:38',25352,1,1),(1283,'WordValidationMessage','2025-11-27 11:09:38','2025-11-27 11:09:39',25123,1,1),(1284,'WordSendMessage','2025-11-27 11:08:51','2025-11-27 11:09:39',25364,1,1),(1285,'WordSendMessage','2025-11-27 11:09:41','2025-11-27 11:09:39',25089,1,1),(1286,'PowerUpMessage','2025-11-27 11:09:45','2025-11-27 11:09:41',25191,1,1),(1287,'WordValidationMessage','2025-11-27 11:09:43','2025-11-27 11:09:41',25352,1,1),(1288,'WordSendMessage','2025-11-27 11:10:42','2025-11-27 11:09:41',25120,1,1),(1289,'WordValidationMessage','2025-11-27 11:09:42','2025-11-27 11:09:42',25065,1,1),(1290,'WordValidationMessage','2025-11-27 11:09:47','2025-11-27 11:09:42',25191,1,1),(1291,'PowerUpMessage','2025-11-27 11:08:42','2025-11-27 11:09:42',25270,1,1),(1292,'PowerUpMessage','2025-11-27 11:09:50','2025-11-27 11:09:43',25151,1,1),(1293,'WordSendMessage','2025-11-27 11:09:49','2025-11-27 11:09:44',25191,1,1),(1294,'PowerUpMessage','2025-11-27 11:09:43','2025-11-27 11:09:45',25146,1,1),(1295,'WordValidationMessage','2025-11-27 11:10:46','2025-11-27 11:09:45',25120,1,1),(1296,'CaseDetailsMessage','2025-11-27 11:09:46','2025-11-27 11:09:46',25123,1,1),(1297,'WordValidationMessage','2025-11-27 11:08:47','2025-11-27 11:09:47',25270,1,1),(1298,'WordValidationMessage','2025-11-27 11:08:59','2025-11-27 11:09:48',25364,1,1),(1299,'WordValidationMessage','2025-11-27 11:09:49','2025-11-27 11:09:48',25218,1,1),(1300,'WordValidationMessage','2025-11-27 11:10:53','2025-11-27 11:09:48',25121,1,1),(1301,'WordValidationMessage','2025-11-27 11:09:51','2025-11-27 11:09:48',25015,1,1),(1302,'CaseDetailsMessage','2025-11-27 11:09:48','2025-11-27 11:09:48',25065,1,1),(1303,'WordValidationMessage','2025-11-27 11:10:49','2025-11-27 11:09:48',25120,1,1),(1304,'WordValidationMessage','2025-11-27 11:08:48','2025-11-27 11:09:49',25270,1,1),(1305,'WordValidationMessage','2025-11-27 11:09:00','2025-11-27 11:09:49',25364,1,1),(1306,'WordValidationMessage','2025-11-27 11:12:06','2025-11-27 11:09:49',25370,1,1),(1307,'WordSendMessage','2025-11-27 11:09:53','2025-11-27 11:09:50',25015,1,1),(1308,'WordSendMessage','2025-11-27 11:08:47','2025-11-27 11:09:50',25039,1,1),(1309,'WordValidationMessage','2025-11-27 11:10:56','2025-11-27 11:09:51',25121,1,1),(1310,'WordSendMessage','2025-11-27 11:08:51','2025-11-27 11:09:52',25270,1,1),(1311,'WordSendMessage','2025-11-27 11:09:52','2025-11-27 11:09:52',25244,1,1),(1312,'WordValidationMessage','2025-11-27 11:09:04','2025-11-27 11:09:52',25364,1,1),(1313,'WordValidationMessage','2025-11-27 11:10:03','2025-11-27 11:09:53',25184,1,1),(1314,'WordValidationMessage','2025-11-27 11:09:05','2025-11-27 11:09:53',25364,1,1),(1315,'WordValidationMessage','2025-11-27 11:09:05','2025-11-27 11:09:54',25364,1,1),(1316,'PowerUpMessage','2025-11-27 11:09:58','2025-11-27 11:09:54',25191,1,1),(1317,'PowerUpMessage','2025-11-27 11:09:59','2025-11-27 11:09:54',25191,1,1),(1318,'WordValidationMessage','2025-11-27 11:09:53','2025-11-27 11:09:54',25065,1,1),(1319,'PowerUpMessage','2025-11-27 11:09:59','2025-11-27 11:09:54',25191,1,1),(1320,'WordSendMessage','2025-11-27 11:09:56','2025-11-27 11:09:54',25315,1,1),(1321,'WordValidationMessage','2025-11-27 11:09:06','2025-11-27 11:09:54',25364,1,1),(1322,'WordSendMessage','2025-11-27 11:12:12','2025-11-27 11:09:55',25370,1,1),(1323,'WordValidationMessage','2025-11-27 11:09:07','2025-11-27 11:09:55',25364,1,1),(1324,'WordSendMessage','2025-11-27 11:11:56','2025-11-27 11:09:56',25203,1,1),(1325,'WordValidationMessage','2025-11-27 11:09:57','2025-11-27 11:09:56',25218,1,1),(1326,'WordValidationMessage','2025-11-27 11:09:08','2025-11-27 11:09:56',25364,1,1),(1327,'WordSendMessage','2025-11-27 11:09:56','2025-11-27 11:09:56',25244,1,1),(1328,'WordValidationMessage','2025-11-27 11:10:00','2025-11-27 11:09:57',25015,1,1),(1329,'WordValidationMessage','2025-11-27 11:11:02','2025-11-27 11:09:57',25121,1,1),(1330,'WordValidationMessage','2025-11-27 11:09:09','2025-11-27 11:09:58',25364,1,1),(1331,'WordValidationMessage','2025-11-27 11:11:04','2025-11-27 11:09:59',25121,1,1),(1332,'WordSendMessage','2025-11-27 11:11:59','2025-11-27 11:09:59',25203,1,1),(1333,'WordValidationMessage','2025-11-27 11:11:04','2025-11-27 11:09:59',25121,1,1),(1334,'WordValidationMessage','2025-11-27 11:09:11','2025-11-27 11:10:00',25364,1,1),(1335,'WordValidationMessage','2025-11-27 11:11:05','2025-11-27 11:10:00',25121,1,1),(1336,'TimeStatsMessage','2025-11-27 11:09:56','2025-11-27 11:10:00',25268,1,1),(1337,'CaseSelectedMessage','2025-11-27 11:09:56','2025-11-27 11:10:00',25268,1,1),(1338,'WordSendMessage','2025-11-27 11:10:01','2025-11-27 11:10:00',25218,1,1),(1339,'WordValidationMessage','2025-11-27 11:11:06','2025-11-27 11:10:01',25121,1,1),(1340,'WordValidationMessage','2025-11-27 11:10:04','2025-11-27 11:10:01',25015,1,1),(1341,'WordValidationMessage','2025-11-27 11:10:04','2025-11-27 11:10:01',25015,1,1),(1342,'WordValidationMessage','2025-11-27 11:10:05','2025-11-27 11:10:02',25015,1,1),(1343,'WordSendMessage','2025-11-27 11:10:04','2025-11-27 11:10:02',25089,1,1),(1344,'WordValidationMessage','2025-11-27 11:11:07','2025-11-27 11:10:02',25121,1,1),(1345,'WordValidationMessage','2025-11-27 11:10:05','2025-11-27 11:10:02',25015,1,1),(1346,'WordSendMessage','2025-11-27 11:10:04','2025-11-27 11:10:02',25315,1,1),(1347,'WordValidationMessage','2025-11-27 11:10:05','2025-11-27 11:10:03',25015,1,1),(1348,'WordValidationMessage','2025-11-27 11:10:06','2025-11-27 11:10:03',25015,1,1),(1349,'WordValidationMessage','2025-11-27 11:10:06','2025-11-27 11:10:03',25015,1,1),(1350,'WordSendMessage','2025-11-27 11:09:15','2025-11-27 11:10:03',25364,1,1),(1351,'WordValidationMessage','2025-11-27 11:10:06','2025-11-27 11:10:04',25015,1,1),(1352,'WordValidationMessage','2025-11-27 11:10:07','2025-11-27 11:10:04',25015,1,1),(1353,'WordValidationMessage','2025-11-27 11:10:07','2025-11-27 11:10:04',25015,1,1),(1354,'WordSendMessage','2025-11-27 11:10:14','2025-11-27 11:10:04',25184,1,1),(1355,'WordValidationMessage','2025-11-27 11:10:07','2025-11-27 11:10:05',25015,1,1),(1356,'WordValidationMessage','2025-11-27 11:10:08','2025-11-27 11:10:05',25015,1,1),(1357,'WordValidationMessage','2025-11-27 11:10:08','2025-11-27 11:10:05',25015,1,1),(1358,'WordSendMessage','2025-11-27 11:12:22','2025-11-27 11:10:05',25370,1,1),(1359,'WordValidationMessage','2025-11-27 11:10:08','2025-11-27 11:10:05',25015,1,1),(1360,'WordValidationMessage','2025-11-27 11:10:09','2025-11-27 11:10:06',25015,1,1),(1361,'WordValidationMessage','2025-11-27 11:10:09','2025-11-27 11:10:06',25015,1,1),(1362,'WordValidationMessage','2025-11-27 11:11:12','2025-11-27 11:10:07',25121,1,1),(1363,'WordValidationMessage','2025-11-27 11:10:10','2025-11-27 11:10:07',25015,1,1),(1364,'WordValidationMessage','2025-11-27 11:10:10','2025-11-27 11:10:07',25015,1,1),(1365,'WordSendMessage','2025-11-27 11:10:08','2025-11-27 11:10:07',25218,1,1),(1366,'WordValidationMessage','2025-11-27 11:10:17','2025-11-27 11:10:07',25184,1,1),(1367,'WordSendMessage','2025-11-27 11:11:08','2025-11-27 11:10:07',25120,1,1),(1368,'WordSendMessage','2025-11-27 11:10:09','2025-11-27 11:10:07',25089,1,1),(1369,'WordValidationMessage','2025-11-27 11:10:10','2025-11-27 11:10:07',25015,1,1),(1370,'WordSendMessage','2025-11-27 11:10:07','2025-11-27 11:10:07',25098,1,1),(1371,'WordSendMessage','2025-11-27 11:12:08','2025-11-27 11:10:07',25203,1,1),(1372,'WordValidationMessage','2025-11-27 11:10:10','2025-11-27 11:10:07',25015,1,1),(1373,'WordSendMessage','2025-11-27 11:10:07','2025-11-27 11:10:07',25244,1,1),(1374,'WordSendMessage','2025-11-27 11:10:10','2025-11-27 11:10:08',25352,1,1),(1375,'WordValidationMessage','2025-11-27 11:10:13','2025-11-27 11:10:08',25191,1,1),(1376,'WordSendMessage','2025-11-27 11:12:27','2025-11-27 11:10:10',25370,1,1),(1377,'CaseDetailsMessage','2025-11-27 11:12:11','2025-11-27 11:10:11',25203,1,1),(1378,'WordValidationMessage','2025-11-27 11:10:14','2025-11-27 11:10:11',25015,1,1),(1379,'WordSendMessage','2025-11-27 11:10:13','2025-11-27 11:10:11',25089,1,1),(1380,'WordValidationMessage','2025-11-27 11:10:12','2025-11-27 11:10:13',25065,1,1),(1381,'WordSendMessage','2025-11-27 11:10:16','2025-11-27 11:10:13',25015,1,1),(1382,'WordSendMessage','2025-11-27 11:10:15','2025-11-27 11:10:14',25218,1,1),(1383,'WordSendMessage','2025-11-27 11:10:16','2025-11-27 11:10:14',25315,1,1),(1384,'WordValidationMessage','2025-11-27 11:12:32','2025-11-27 11:10:15',25370,1,1),(1385,'TimeStatsMessage','2025-11-27 11:09:15','2025-11-27 11:10:15',25270,1,1),(1386,'WordSendMessage','2025-11-27 11:09:15','2025-11-27 11:10:15',25270,1,1),(1387,'WordSendMessage','2025-11-27 11:10:16','2025-11-27 11:10:16',25098,1,1),(1388,'WordSendMessage','2025-11-27 11:10:16','2025-11-27 11:10:17',25244,1,1),(1389,'TimeStatsMessage','2025-11-27 11:12:18','2025-11-27 11:10:17',25203,1,1),(1390,'WordSendMessage','2025-11-27 11:12:18','2025-11-27 11:10:17',25203,1,1),(1391,'WordValidationMessage','2025-11-27 11:10:14','2025-11-27 11:10:17',25268,1,1),(1392,'CaseDetailsMessage','2025-11-27 11:10:19','2025-11-27 11:10:18',25218,1,1),(1393,'WordValidationMessage','2025-11-27 11:10:22','2025-11-27 11:10:19',25015,1,1),(1394,'WordValidationMessage','2025-11-27 11:10:22','2025-11-27 11:10:20',25015,1,1),(1395,'WordSendMessage','2025-11-27 11:10:27','2025-11-27 11:10:20',25151,1,1),(1396,'WordValidationMessage','2025-11-27 11:10:17','2025-11-27 11:10:20',25268,1,1),(1397,'WordValidationMessage','2025-11-27 11:10:31','2025-11-27 11:10:21',25184,1,1),(1398,'WordValidationMessage','2025-11-27 11:10:18','2025-11-27 11:10:21',25268,1,1),(1399,'WordValidationMessage','2025-11-27 11:10:25','2025-11-27 11:10:22',25015,1,1),(1400,'WordValidationMessage','2025-11-27 11:10:26','2025-11-27 11:10:23',25015,1,1),(1401,'WordSendMessage','2025-11-27 11:10:34','2025-11-27 11:10:24',25184,1,1),(1402,'WordValidationMessage','2025-11-27 11:11:25','2025-11-27 11:10:24',25120,1,1),(1403,'WordValidationMessage','2025-11-27 11:10:27','2025-11-27 11:10:24',25352,1,1),(1404,'PowerUpMessage','2025-11-27 11:10:27','2025-11-27 11:10:25',25315,1,1),(1405,'WordValidationMessage','2025-11-27 11:09:37','2025-11-27 11:10:26',25364,1,1),(1406,'WordValidationMessage','2025-11-27 11:10:29','2025-11-27 11:10:26',25015,1,1),(1407,'PowerUpMessage','2025-11-27 11:10:26','2025-11-27 11:10:26',25123,1,1),(1408,'WordValidationMessage','2025-11-27 11:10:28','2025-11-27 11:10:27',25089,1,1),(1409,'WordValidationMessage','2025-11-27 11:12:46','2025-11-27 11:10:29',25370,1,1),(1410,'WordValidationMessage','2025-11-27 11:10:36','2025-11-27 11:10:29',25151,1,1),(1411,'WordValidationMessage','2025-11-27 11:10:25','2025-11-27 11:10:29',25268,1,1),(1412,'WordValidationMessage','2025-11-27 11:10:29','2025-11-27 11:10:29',25098,1,1),(1413,'WordValidationMessage','2025-11-27 11:10:31','2025-11-27 11:10:29',25315,1,1),(1414,'PowerUpMessage','2025-11-27 11:10:32','2025-11-27 11:10:29',25352,1,1),(1415,'WordValidationMessage','2025-11-27 11:09:42','2025-11-27 11:10:30',25364,1,1),(1416,'WordValidationMessage','2025-11-27 11:10:31','2025-11-27 11:10:31',25123,1,1),(1417,'WordSendMessage','2025-11-27 11:11:32','2025-11-27 11:10:31',25120,1,1),(1418,'WordValidationMessage','2025-11-27 11:10:28','2025-11-27 11:10:31',25268,1,1),(1419,'WordValidationMessage','2025-11-27 11:10:34','2025-11-27 11:10:32',25352,1,1),(1420,'WordSendMessage','2025-11-27 11:10:39','2025-11-27 11:10:32',25151,1,1),(1421,'PowerUpMessage','2025-11-27 11:10:32','2025-11-27 11:10:32',25098,1,1),(1422,'WordSendMessage','2025-11-27 11:10:35','2025-11-27 11:10:32',25015,1,1),(1423,'WordValidationMessage','2025-11-27 11:09:44','2025-11-27 11:10:32',25364,1,1),(1424,'WordSendMessage','2025-11-27 11:10:34','2025-11-27 11:10:33',25089,1,1),(1425,'CaseSelectedMessage','2025-11-27 11:12:33','2025-11-27 11:10:33',25203,1,1),(1426,'TimeStatsMessage','2025-11-27 11:12:33','2025-11-27 11:10:33',25203,1,1),(1427,'WordValidationMessage','2025-11-27 11:10:33','2025-11-27 11:10:34',25065,1,1),(1428,'WordValidationMessage','2025-11-27 11:10:34','2025-11-27 11:10:34',25244,1,1),(1429,'WordSendMessage','2025-11-27 11:10:36','2025-11-27 11:10:34',25315,1,1),(1430,'WordValidationMessage','2025-11-27 11:09:46','2025-11-27 11:10:35',25364,1,1),(1431,'WordValidationMessage','2025-11-27 11:10:35','2025-11-27 11:10:35',25098,1,1),(1432,'WordValidationMessage','2025-11-27 11:10:45','2025-11-27 11:10:35',25184,1,1),(1433,'WordSendMessage','2025-11-27 11:10:42','2025-11-27 11:10:35',25151,1,1),(1434,'WordValidationMessage','2025-11-27 11:10:36','2025-11-27 11:10:37',25065,1,1),(1435,'WordSendMessage','2025-11-27 11:10:40','2025-11-27 11:10:37',25352,1,1),(1436,'PowerUpMessage','2025-11-27 11:10:38','2025-11-27 11:10:37',25218,1,1),(1437,'WordValidationMessage','2025-11-27 11:10:34','2025-11-27 11:10:37',25268,1,1),(1438,'WordSendMessage','2025-11-27 11:10:48','2025-11-27 11:10:38',25184,1,1),(1439,'WordValidationMessage','2025-11-27 11:10:38','2025-11-27 11:10:38',25065,1,1),(1440,'WordValidationMessage','2025-11-27 11:10:39','2025-11-27 11:10:39',25065,1,1),(1441,'WordSendMessage','2025-11-27 11:10:41','2025-11-27 11:10:40',25089,1,1),(1442,'CaseSelectedMessage','2025-11-27 11:09:40','2025-11-27 11:10:41',25270,1,1),(1443,'TimeStatsMessage','2025-11-27 11:09:40','2025-11-27 11:10:41',25270,1,1),(1444,'WordSendMessage','2025-11-27 11:10:41','2025-11-27 11:10:41',25123,1,1),(1445,'WordValidationMessage','2025-11-27 11:10:42','2025-11-27 11:10:43',25244,1,1),(1446,'WordValidationMessage','2025-11-27 11:10:49','2025-11-27 11:10:44',25191,1,1),(1447,'PowerUpMessage','2025-11-27 11:10:44','2025-11-27 11:10:44',25065,1,1),(1448,'WordSendMessage','2025-11-27 11:10:46','2025-11-27 11:10:44',25089,1,1),(1449,'WordValidationMessage','2025-11-27 11:10:47','2025-11-27 11:10:45',25015,1,1),(1450,'WordValidationMessage','2025-11-27 11:10:41','2025-11-27 11:10:45',25268,1,1),(1451,'WordSendMessage','2025-11-27 11:10:46','2025-11-27 11:10:45',25218,1,1),(1452,'WordSendMessage','2025-11-27 11:13:03','2025-11-27 11:10:45',25370,1,1),(1453,'WordValidationMessage','2025-11-27 11:10:43','2025-11-27 11:10:46',25268,1,1),(1454,'WordSendMessage','2025-11-27 11:10:46','2025-11-27 11:10:46',25123,1,1),(1455,'WordSendMessage','2025-11-27 11:10:46','2025-11-27 11:10:46',25123,1,1),(1456,'WordValidationMessage','2025-11-27 11:10:50','2025-11-27 11:10:47',25015,1,1),(1457,'WordValidationMessage','2025-11-27 11:10:50','2025-11-27 11:10:47',25015,1,1),(1458,'WordSendMessage','2025-11-27 11:10:48','2025-11-27 11:10:48',25065,1,1),(1459,'WordValidationMessage','2025-11-27 11:10:52','2025-11-27 11:10:49',25015,1,1),(1460,'WordSendMessage','2025-11-27 11:10:50','2025-11-27 11:10:49',25218,1,1),(1461,'WordSendMessage','2025-11-27 11:10:51','2025-11-27 11:10:49',25089,1,1),(1462,'WordSendMessage','2025-11-27 11:10:50','2025-11-27 11:10:50',25123,1,1),(1463,'WordValidationMessage','2025-11-27 11:10:56','2025-11-27 11:10:51',25191,1,1),(1464,'WordSendMessage','2025-11-27 11:10:51','2025-11-27 11:10:52',25065,1,1),(1465,'WordSendMessage','2025-11-27 11:10:52','2025-11-27 11:10:53',25123,1,1),(1466,'WordSendMessage','2025-11-27 11:10:52','2025-11-27 11:10:53',25098,1,1),(1467,'WordValidationMessage','2025-11-27 11:10:58','2025-11-27 11:10:54',25191,1,1),(1468,'WordSendMessage','2025-11-27 11:12:55','2025-11-27 11:10:54',25203,1,1),(1469,'WordValidationMessage','2025-11-27 11:10:06','2025-11-27 11:10:54',25364,1,1),(1470,'WordSendMessage','2025-11-27 11:10:55','2025-11-27 11:10:55',25123,1,1),(1471,'WordValidationMessage','2025-11-27 11:10:58','2025-11-27 11:10:55',25015,1,1),(1472,'WordSendMessage','2025-11-27 11:12:56','2025-11-27 11:10:56',25203,1,1),(1473,'WordValidationMessage','2025-11-27 11:10:53','2025-11-27 11:10:56',25268,1,1),(1474,'PowerUpMessage','2025-11-27 11:10:58','2025-11-27 11:10:56',25315,1,1),(1475,'WordValidationMessage','2025-11-27 11:10:59','2025-11-27 11:10:56',25015,1,1),(1476,'WordValidationMessage','2025-11-27 11:10:54','2025-11-27 11:10:57',25268,1,1),(1477,'WordSendMessage','2025-11-27 11:12:58','2025-11-27 11:10:58',25203,1,1),(1478,'WordSendMessage','2025-11-27 11:10:56','2025-11-27 11:10:58',25146,1,1),(1479,'WordValidationMessage','2025-11-27 11:11:01','2025-11-27 11:10:59',25015,1,1),(1480,'WordValidationMessage','2025-11-27 11:11:01','2025-11-27 11:11:00',25315,1,1),(1481,'WordValidationMessage','2025-11-27 11:11:02','2025-11-27 11:11:00',25015,1,1),(1482,'WordValidationMessage','2025-11-27 11:13:01','2025-11-27 11:11:01',25203,1,1),(1483,'WordSendMessage','2025-11-27 11:13:19','2025-11-27 11:11:02',25370,1,1),(1484,'WordSendMessage','2025-11-27 11:11:02','2025-11-27 11:11:02',25123,1,1),(1485,'PowerUpMessage','2025-11-27 11:11:05','2025-11-27 11:11:02',25015,1,1),(1486,'WordValidationMessage','2025-11-27 11:11:08','2025-11-27 11:11:03',25191,1,1),(1487,'WordValidationMessage','2025-11-27 11:11:10','2025-11-27 11:11:03',25151,1,1),(1488,'WordValidationMessage','2025-11-27 11:11:03','2025-11-27 11:11:04',25244,1,1),(1489,'PowerUpMessage','2025-11-27 11:11:14','2025-11-27 11:11:04',25184,1,1),(1490,'WordValidationMessage','2025-11-27 11:11:07','2025-11-27 11:11:04',25015,1,1),(1491,'WordValidationMessage','2025-11-27 11:11:01','2025-11-27 11:11:04',25268,1,1),(1492,'WordSendMessage','2025-11-27 11:11:05','2025-11-27 11:11:05',25123,1,1),(1493,'WordSendMessage','2025-11-27 11:11:08','2025-11-27 11:11:05',25015,1,1),(1494,'WordSendMessage','2025-11-27 11:13:23','2025-11-27 11:11:06',25370,1,1),(1495,'WordValidationMessage','2025-11-27 11:12:11','2025-11-27 11:11:06',25121,1,1),(1496,'WordSendMessage','2025-11-27 11:11:08','2025-11-27 11:11:08',25244,1,1),(1497,'WordSendMessage','2025-11-27 11:11:10','2025-11-27 11:11:09',25089,1,1),(1498,'WordSendMessage','2025-11-27 11:11:09','2025-11-27 11:11:10',25123,1,1),(1499,'WordValidationMessage','2025-11-27 11:11:15','2025-11-27 11:11:10',25191,1,1),(1500,'WordSendMessage','2025-11-27 11:11:13','2025-11-27 11:11:10',25015,1,1),(1501,'WordSendMessage','2025-11-27 11:11:12','2025-11-27 11:11:10',25315,1,1),(1502,'WordValidationMessage','2025-11-27 11:11:18','2025-11-27 11:11:11',25151,1,1),(1503,'WordSendMessage','2025-11-27 11:11:12','2025-11-27 11:11:11',25218,1,1),(1504,'WordSendMessage','2025-11-27 11:13:11','2025-11-27 11:11:11',25203,1,1),(1505,'WordValidationMessage','2025-11-27 11:11:16','2025-11-27 11:11:12',25191,1,1),(1506,'WordValidationMessage','2025-11-27 11:11:19','2025-11-27 11:11:12',25151,1,1),(1507,'WordValidationMessage','2025-11-27 11:11:22','2025-11-27 11:11:12',25184,1,1),(1508,'WordValidationMessage','2025-11-27 11:10:25','2025-11-27 11:11:14',25364,1,1),(1509,'WordSendMessage','2025-11-27 11:11:17','2025-11-27 11:11:14',25015,1,1),(1510,'WordSendMessage','2025-11-27 11:11:21','2025-11-27 11:11:14',25151,1,1),(1511,'WordSendMessage','2025-11-27 11:11:18','2025-11-27 11:11:17',25218,1,1),(1512,'WordValidationMessage','2025-11-27 11:13:34','2025-11-27 11:11:17',25370,1,1),(1513,'WordValidationMessage','2025-11-27 11:12:22','2025-11-27 11:11:17',25121,1,1),(1514,'WordSendMessage','2025-11-27 11:11:27','2025-11-27 11:11:17',25184,1,1),(1515,'WordValidationMessage','2025-11-27 11:12:18','2025-11-27 11:11:17',25120,1,1),(1516,'WordValidationMessage','2025-11-27 11:10:29','2025-11-27 11:11:17',25364,1,1),(1517,'WordSendMessage','2025-11-27 11:11:18','2025-11-27 11:11:18',25123,1,1),(1518,'WordValidationMessage','2025-11-27 11:11:17','2025-11-27 11:11:18',25244,1,1),(1519,'WordSendMessage','2025-11-27 11:11:25','2025-11-27 11:11:18',25151,1,1),(1520,'WordSendMessage','2025-11-27 11:10:15','2025-11-27 11:11:19',25039,1,1),(1521,'PowerUpMessage','2025-11-27 11:11:23','2025-11-27 11:11:20',25352,1,1),(1522,'WordSendMessage','2025-11-27 11:11:23','2025-11-27 11:11:20',25015,1,1),(1523,'WordValidationMessage','2025-11-27 11:12:21','2025-11-27 11:11:20',25120,1,1),(1524,'PowerUpMessage','2025-11-27 11:11:22','2025-11-27 11:11:21',25218,1,1),(1525,'WordSendMessage','2025-11-27 11:13:21','2025-11-27 11:11:21',25203,1,1),(1526,'WordValidationMessage','2025-11-27 11:11:18','2025-11-27 11:11:21',25268,1,1),(1527,'WordSendMessage','2025-11-27 11:11:32','2025-11-27 11:11:22',25184,1,1),(1528,'TimeStatsMessage','2025-11-27 11:11:27','2025-11-27 11:11:22',25191,1,1),(1529,'WordSendMessage','2025-11-27 11:11:27','2025-11-27 11:11:22',25191,1,1),(1530,'PowerUpMessage','2025-11-27 11:11:25','2025-11-27 11:11:22',25015,1,1),(1531,'WordSendMessage','2025-11-27 11:11:29','2025-11-27 11:11:23',25151,1,1),(1532,'PowerUpMessage','2025-11-27 11:11:23','2025-11-27 11:11:23',25098,1,1),(1533,'WordSendMessage','2025-11-27 11:12:28','2025-11-27 11:11:23',25121,1,1),(1534,'WordSendMessage','2025-11-27 11:11:23','2025-11-27 11:11:24',25244,1,1),(1535,'WordValidationMessage','2025-11-27 11:11:27','2025-11-27 11:11:24',25015,1,1),(1536,'WordSendMessage','2025-11-27 11:11:32','2025-11-27 11:11:25',25151,1,1),(1537,'WordSendMessage','2025-11-27 11:11:22','2025-11-27 11:11:26',25268,1,1),(1538,'WordSendMessage','2025-11-27 11:11:26','2025-11-27 11:11:26',25123,1,1),(1539,'WordValidationMessage','2025-11-27 11:10:38','2025-11-27 11:11:26',25364,1,1),(1540,'WordSendMessage','2025-11-27 11:11:26','2025-11-27 11:11:27',25244,1,1),(1541,'WordSendMessage','2025-11-27 11:11:30','2025-11-27 11:11:27',25015,1,1),(1542,'WordSendMessage','2025-11-27 11:11:29','2025-11-27 11:11:27',25315,1,1),(1543,'WordValidationMessage','2025-11-27 11:10:28','2025-11-27 11:11:28',25270,1,1),(1544,'WordSendMessage','2025-11-27 11:11:32','2025-11-27 11:11:29',25015,1,1),(1545,'WordSendMessage','2025-11-27 11:11:27','2025-11-27 11:11:29',25146,1,1),(1546,'WordSendMessage','2025-11-27 11:13:29','2025-11-27 11:11:29',25203,1,1),(1547,'WordSendMessage','2025-11-27 11:11:30','2025-11-27 11:11:30',25123,1,1),(1548,'WordValidationMessage','2025-11-27 11:11:32','2025-11-27 11:11:30',25315,1,1),(1549,'WordSendMessage','2025-11-27 11:11:33','2025-11-27 11:11:30',25015,1,1),(1550,'WordSendMessage','2025-11-27 11:13:31','2025-11-27 11:11:31',25203,1,1),(1551,'WordValidationMessage','2025-11-27 11:11:32','2025-11-27 11:11:31',25315,1,1),(1552,'WordSendMessage','2025-11-27 11:10:31','2025-11-27 11:11:31',25270,1,1),(1553,'WordValidationMessage','2025-11-27 11:11:34','2025-11-27 11:11:31',25352,1,1),(1554,'WordValidationMessage','2025-11-27 11:11:33','2025-11-27 11:11:31',25315,1,1),(1555,'WordSendMessage','2025-11-27 11:11:31','2025-11-27 11:11:32',25244,1,1),(1556,'WordSendMessage','2025-11-27 11:11:42','2025-11-27 11:11:32',25184,1,1),(1557,'WordSendMessage','2025-11-27 11:11:29','2025-11-27 11:11:33',25268,1,1),(1558,'WordValidationMessage','2025-11-27 11:11:33','2025-11-27 11:11:33',25098,1,1),(1559,'WordSendMessage','2025-11-27 11:11:36','2025-11-27 11:11:33',25015,1,1),(1560,'CaseDetailsMessage','2025-11-27 11:11:36','2025-11-27 11:11:34',25089,1,1),(1561,'WordSendMessage','2025-11-27 11:12:39','2025-11-27 11:11:34',25121,1,1),(1562,'WordValidationMessage','2025-11-27 11:11:34','2025-11-27 11:11:34',25098,1,1),(1563,'PowerUpMessage','2025-11-27 11:13:35','2025-11-27 11:11:35',25203,1,1),(1564,'WordSendMessage','2025-11-27 11:11:35','2025-11-27 11:11:35',25123,1,1),(1565,'WordSendMessage','2025-11-27 11:11:38','2025-11-27 11:11:35',25015,1,1),(1566,'WordSendMessage','2025-11-27 11:13:53','2025-11-27 11:11:36',25370,1,1),(1567,'WordSendMessage','2025-11-27 11:11:36','2025-11-27 11:11:37',25065,1,1),(1568,'WordSendMessage','2025-11-27 11:11:40','2025-11-27 11:11:37',25015,1,1),(1569,'WordSendMessage','2025-11-27 11:11:40','2025-11-27 11:11:37',25352,1,1),(1570,'WordValidationMessage','2025-11-27 11:10:37','2025-11-27 11:11:38',25270,1,1),(1571,'WordSendMessage','2025-11-27 11:10:36','2025-11-27 11:11:39',25039,1,1),(1572,'WordValidationMessage','2025-11-27 11:13:40','2025-11-27 11:11:39',25203,1,1),(1573,'WordSendMessage','2025-11-27 11:11:43','2025-11-27 11:11:40',25015,1,1),(1574,'WordValidationMessage','2025-11-27 11:13:41','2025-11-27 11:11:40',25203,1,1),(1575,'WordSendMessage','2025-11-27 11:11:40','2025-11-27 11:11:41',25244,1,1),(1576,'WordSendMessage','2025-11-27 11:12:42','2025-11-27 11:11:41',25120,1,1),(1577,'WordSendMessage','2025-11-27 11:12:47','2025-11-27 11:11:42',25121,1,1),(1578,'PowerUpMessage','2025-11-27 11:11:46','2025-11-27 11:11:43',25015,1,1),(1579,'WordSendMessage','2025-11-27 11:11:43','2025-11-27 11:11:43',25244,1,1),(1580,'WordValidationMessage','2025-11-27 11:11:51','2025-11-27 11:11:44',25151,1,1),(1581,'WordSendMessage','2025-11-27 11:14:02','2025-11-27 11:11:45',25370,1,1),(1582,'WordValidationMessage','2025-11-27 11:13:45','2025-11-27 11:11:45',25203,1,1),(1583,'TimeStatsMessage','2025-11-27 11:11:49','2025-11-27 11:11:45',25191,1,1),(1584,'CaseSelectedMessage','2025-11-27 11:11:49','2025-11-27 11:11:45',25191,1,1),(1585,'WordValidationMessage','2025-11-27 11:11:52','2025-11-27 11:11:45',25151,1,1),(1586,'WordSendMessage','2025-11-27 11:11:45','2025-11-27 11:11:45',25098,1,1),(1587,'WordSendMessage','2025-11-27 11:11:47','2025-11-27 11:11:45',25315,1,1),(1588,'WordSendMessage','2025-11-27 11:11:45','2025-11-27 11:11:45',25065,1,1),(1589,'WordValidationMessage','2025-11-27 11:13:46','2025-11-27 11:11:46',25203,1,1),(1590,'WordSendMessage','2025-11-27 11:12:47','2025-11-27 11:11:46',25120,1,1),(1591,'WordValidationMessage','2025-11-27 11:11:53','2025-11-27 11:11:46',25151,1,1),(1592,'WordValidationMessage','2025-11-27 11:11:49','2025-11-27 11:11:46',25015,1,1),(1593,'WordValidationMessage','2025-11-27 11:10:58','2025-11-27 11:11:46',25364,1,1),(1594,'WordSendMessage','2025-11-27 11:11:46','2025-11-27 11:11:47',25065,1,1),(1595,'TimeStatsMessage','2025-11-27 11:11:47','2025-11-27 11:11:47',25123,1,1),(1596,'WordSendMessage','2025-11-27 11:11:47','2025-11-27 11:11:47',25123,1,1),(1597,'WordValidationMessage','2025-11-27 11:11:50','2025-11-27 11:11:47',25015,1,1),(1598,'WordValidationMessage','2025-11-27 11:10:47','2025-11-27 11:11:48',25270,1,1),(1599,'WordSendMessage','2025-11-27 11:11:55','2025-11-27 11:11:48',25151,1,1),(1600,'WordSendMessage','2025-11-27 11:11:45','2025-11-27 11:11:48',25268,1,1),(1601,'WordValidationMessage','2025-11-27 11:13:49','2025-11-27 11:11:49',25203,1,1),(1602,'PowerUpMessage','2025-11-27 11:10:49','2025-11-27 11:11:49',25270,1,1),(1603,'WordValidationMessage','2025-11-27 11:11:52','2025-11-27 11:11:49',25015,1,1),(1604,'WordValidationMessage','2025-11-27 11:11:01','2025-11-27 11:11:50',25364,1,1),(1605,'WordSendMessage','2025-11-27 11:11:53','2025-11-27 11:11:51',25315,1,1),(1606,'WordSendMessage','2025-11-27 11:11:51','2025-11-27 11:11:51',25098,1,1),(1607,'WordValidationMessage','2025-11-27 11:13:52','2025-11-27 11:11:51',25203,1,1),(1608,'WordValidationMessage','2025-11-27 11:11:54','2025-11-27 11:11:52',25015,1,1),(1609,'WordSendMessage','2025-11-27 11:11:51','2025-11-27 11:11:52',25244,1,1),(1610,'WordSendMessage','2025-11-27 11:12:53','2025-11-27 11:11:52',25120,1,1),(1611,'WordValidationMessage','2025-11-27 11:13:53','2025-11-27 11:11:52',25203,1,1),(1612,'WordSendMessage','2025-11-27 11:14:10','2025-11-27 11:11:53',25370,1,1),(1613,'WordSendMessage','2025-11-27 11:11:58','2025-11-27 11:11:53',25191,1,1),(1614,'WordSendMessage','2025-11-27 11:11:55','2025-11-27 11:11:53',25315,1,1),(1615,'WordValidationMessage','2025-11-27 11:10:53','2025-11-27 11:11:54',25270,1,1),(1616,'WordSendMessage','2025-11-27 11:12:04','2025-11-27 11:11:54',25184,1,1),(1617,'WordValidationMessage','2025-11-27 11:12:59','2025-11-27 11:11:54',25121,1,1),(1618,'WordSendMessage','2025-11-27 11:11:52','2025-11-27 11:11:55',25268,1,1),(1619,'WordValidationMessage','2025-11-27 11:11:59','2025-11-27 11:11:56',25015,1,1),(1620,'WordSendMessage','2025-11-27 11:14:14','2025-11-27 11:11:56',25370,1,1),(1621,'WordSendMessage','2025-11-27 11:11:08','2025-11-27 11:11:57',25364,1,1),(1622,'WordSendMessage','2025-11-27 11:10:57','2025-11-27 11:11:57',25270,1,1),(1623,'WordSendMessage','2025-11-27 11:12:02','2025-11-27 11:11:57',25191,1,1),(1624,'WordSendMessage','2025-11-27 11:11:58','2025-11-27 11:11:58',25244,1,1),(1625,'WordSendMessage','2025-11-27 11:12:02','2025-11-27 11:11:59',25015,1,1),(1626,'WordSendMessage','2025-11-27 11:12:04','2025-11-27 11:12:00',25191,1,1),(1627,'WordValidationMessage','2025-11-27 11:14:00','2025-11-27 11:12:00',25203,1,1),(1628,'WordSendMessage','2025-11-27 11:12:04','2025-11-27 11:12:01',25015,1,1),(1629,'WordValidationMessage','2025-11-27 11:12:03','2025-11-27 11:12:02',25089,1,1),(1630,'WordSendMessage','2025-11-27 11:10:58','2025-11-27 11:12:02',25039,1,1),(1631,'WordSendMessage','2025-11-27 11:13:07','2025-11-27 11:12:02',25121,1,1),(1632,'WordSendMessage','2025-11-27 11:12:02','2025-11-27 11:12:02',25244,1,1),(1633,'WordSendMessage','2025-11-27 11:12:02','2025-11-27 11:12:02',25098,1,1),(1634,'WordValidationMessage','2025-11-27 11:11:15','2025-11-27 11:12:03',25364,1,1),(1635,'WordSendMessage','2025-11-27 11:12:02','2025-11-27 11:12:03',25146,1,1),(1636,'WordSendMessage','2025-11-27 11:12:05','2025-11-27 11:12:03',25315,1,1),(1637,'WordValidationMessage','2025-11-27 11:11:16','2025-11-27 11:12:04',25364,1,1),(1638,'PowerUpMessage','2025-11-27 11:12:04','2025-11-27 11:12:05',25244,1,1),(1639,'PowerUpMessage','2025-11-27 11:12:04','2025-11-27 11:12:05',25244,1,1),(1640,'WordValidationMessage','2025-11-27 11:11:18','2025-11-27 11:12:06',25364,1,1),(1641,'WordSendMessage','2025-11-27 11:12:06','2025-11-27 11:12:07',25098,1,1),(1642,'WordSendMessage','2025-11-27 11:14:25','2025-11-27 11:12:07',25370,1,1),(1643,'WordSendMessage','2025-11-27 11:14:08','2025-11-27 11:12:07',25203,1,1),(1644,'WordSendMessage','2025-11-27 11:12:09','2025-11-27 11:12:08',25315,1,1),(1645,'WordSendMessage','2025-11-27 11:13:13','2025-11-27 11:12:08',25121,1,1),(1646,'PowerUpMessage','2025-11-27 11:11:05','2025-11-27 11:12:08',25039,1,1),(1647,'WordSendMessage','2025-11-27 11:12:05','2025-11-27 11:12:09',25268,1,1),(1648,'CaseSelectedMessage','2025-11-27 11:12:10','2025-11-27 11:12:10',25123,1,1),(1649,'TimeStatsMessage','2025-11-27 11:12:10','2025-11-27 11:12:10',25123,1,1),(1650,'WordValidationMessage','2025-11-27 11:11:22','2025-11-27 11:12:10',25364,1,1),(1651,'WordSendMessage','2025-11-27 11:13:16','2025-11-27 11:12:11',25121,1,1),(1652,'WordSendMessage','2025-11-27 11:12:16','2025-11-27 11:12:11',25191,1,1),(1653,'WordSendMessage','2025-11-27 11:13:12','2025-11-27 11:12:11',25120,1,1),(1654,'WordValidationMessage','2025-11-27 11:11:08','2025-11-27 11:12:12',25039,1,1),(1655,'WordSendMessage','2025-11-27 11:12:13','2025-11-27 11:12:12',25089,1,1),(1656,'WordValidationMessage','2025-11-27 11:11:24','2025-11-27 11:12:12',25364,1,1),(1657,'WordValidationMessage','2025-11-27 11:12:11','2025-11-27 11:12:13',25146,1,1),(1658,'WordValidationMessage','2025-11-27 11:14:13','2025-11-27 11:12:13',25203,1,1),(1659,'WordValidationMessage','2025-11-27 11:11:25','2025-11-27 11:12:13',25364,1,1),(1660,'WordSendMessage','2025-11-27 11:12:16','2025-11-27 11:12:14',25315,1,1),(1661,'PowerUpMessage','2025-11-27 11:14:15','2025-11-27 11:12:14',25203,1,1),(1662,'WordSendMessage','2025-11-27 11:11:11','2025-11-27 11:12:14',25039,1,1),(1663,'WordValidationMessage','2025-11-27 11:11:26','2025-11-27 11:12:14',25364,1,1),(1664,'WordValidationMessage','2025-11-27 11:12:19','2025-11-27 11:12:14',25191,1,1),(1665,'WordValidationMessage','2025-11-27 11:11:27','2025-11-27 11:12:15',25364,1,1),(1666,'PowerUpMessage','2025-11-27 11:12:17','2025-11-27 11:12:16',25315,1,1),(1667,'WordValidationMessage','2025-11-27 11:11:28','2025-11-27 11:12:16',25364,1,1),(1668,'WordSendMessage','2025-11-27 11:12:19','2025-11-27 11:12:17',25315,1,1),(1669,'WordValidationMessage','2025-11-27 11:11:29','2025-11-27 11:12:17',25364,1,1),(1670,'PowerUpMessage','2025-11-27 11:12:28','2025-11-27 11:12:18',25184,1,1),(1671,'PowerUpMessage','2025-11-27 11:12:15','2025-11-27 11:12:18',25268,1,1),(1672,'WordValidationMessage','2025-11-27 11:14:19','2025-11-27 11:12:18',25203,1,1),(1673,'WordSendMessage','2025-11-27 11:12:20','2025-11-27 11:12:18',25089,1,1),(1674,'WordValidationMessage','2025-11-27 11:12:18','2025-11-27 11:12:19',25065,1,1),(1675,'WordSendMessage','2025-11-27 11:14:37','2025-11-27 11:12:20',25370,1,1),(1676,'WordSendMessage','2025-11-27 11:12:20','2025-11-27 11:12:21',25098,1,1),(1677,'WordValidationMessage','2025-11-27 11:12:18','2025-11-27 11:12:21',25268,1,1),(1678,'WordSendMessage','2025-11-27 11:12:23','2025-11-27 11:12:22',25315,1,1),(1679,'WordValidationMessage','2025-11-27 11:12:23','2025-11-27 11:12:22',25218,1,1),(1680,'WordSendMessage','2025-11-27 11:11:18','2025-11-27 11:12:22',25039,1,1),(1681,'WordValidationMessage','2025-11-27 11:13:27','2025-11-27 11:12:22',25121,1,1),(1682,'WordSendMessage','2025-11-27 11:12:25','2025-11-27 11:12:23',25089,1,1),(1683,'WordSendMessage','2025-11-27 11:12:20','2025-11-27 11:12:24',25268,1,1),(1684,'WordSendMessage','2025-11-27 11:12:29','2025-11-27 11:12:24',25191,1,1),(1685,'WordSendMessage','2025-11-27 11:12:32','2025-11-27 11:12:25',25151,1,1),(1686,'WordValidationMessage','2025-11-27 11:12:23','2025-11-27 11:12:25',25146,1,1),(1687,'WordSendMessage','2025-11-27 11:12:27','2025-11-27 11:12:25',25315,1,1),(1688,'WordSendMessage','2025-11-27 11:12:28','2025-11-27 11:12:25',25015,1,1),(1689,'WordSendMessage','2025-11-27 11:12:34','2025-11-27 11:12:27',25151,1,1),(1690,'WordSendMessage','2025-11-27 11:12:23','2025-11-27 11:12:27',25268,1,1),(1691,'WordValidationMessage','2025-11-27 11:12:32','2025-11-27 11:12:28',25191,1,1),(1692,'CaseDetailsMessage','2025-11-27 11:12:39','2025-11-27 11:12:29',25184,1,1),(1693,'WordSendMessage','2025-11-27 11:12:32','2025-11-27 11:12:29',25015,1,1),(1694,'WordSendMessage','2025-11-27 11:12:29','2025-11-27 11:12:30',25065,1,1),(1695,'WordValidationMessage','2025-11-27 11:12:31','2025-11-27 11:12:30',25218,1,1),(1696,'WordSendMessage','2025-11-27 11:12:34','2025-11-27 11:12:31',25015,1,1),(1697,'WordSendMessage','2025-11-27 11:12:33','2025-11-27 11:12:32',25315,1,1),(1698,'CaseDetailsMessage','2025-11-27 11:12:31','2025-11-27 11:12:32',25146,1,1),(1699,'WordValidationMessage','2025-11-27 11:11:44','2025-11-27 11:12:32',25364,1,1),(1700,'WordValidationMessage','2025-11-27 11:12:40','2025-11-27 11:12:33',25151,1,1),(1701,'WordSendMessage','2025-11-27 11:12:36','2025-11-27 11:12:33',25015,1,1),(1702,'WordSendMessage','2025-11-27 11:13:34','2025-11-27 11:12:33',25120,1,1),(1703,'PowerUpMessage','2025-11-27 11:14:50','2025-11-27 11:12:33',25370,1,1),(1704,'WordValidationMessage','2025-11-27 11:11:46','2025-11-27 11:12:34',25364,1,1),(1705,'WordSendMessage','2025-11-27 11:13:39','2025-11-27 11:12:34',25121,1,1),(1706,'WordSendMessage','2025-11-27 11:12:40','2025-11-27 11:12:35',25191,1,1),(1707,'PowerUpMessage','2025-11-27 11:14:52','2025-11-27 11:12:35',25370,1,1),(1708,'WordValidationMessage','2025-11-27 11:12:35','2025-11-27 11:12:35',25244,1,1),(1709,'WordValidationMessage','2025-11-27 11:11:47','2025-11-27 11:12:36',25364,1,1),(1710,'WordSendMessage','2025-11-27 11:12:38','2025-11-27 11:12:36',25315,1,1),(1711,'PowerUpMessage','2025-11-27 11:14:53','2025-11-27 11:12:36',25370,1,1),(1712,'WordValidationMessage','2025-11-27 11:12:38','2025-11-27 11:12:36',25089,1,1),(1713,'WordSendMessage','2025-11-27 11:12:37','2025-11-27 11:12:38',25098,1,1),(1714,'PowerUpMessage','2025-11-27 11:13:43','2025-11-27 11:12:38',25121,1,1),(1715,'WordSendMessage','2025-11-27 11:12:49','2025-11-27 11:12:39',25184,1,1),(1716,'WordValidationMessage','2025-11-27 11:13:45','2025-11-27 11:12:40',25121,1,1),(1717,'GameModeMessage','2025-11-27 11:11:37','2025-11-27 11:12:41',25039,1,1),(1718,'WordValidationMessage','2025-11-27 11:12:40','2025-11-27 11:12:41',25065,1,1),(1719,'PowerUpMessage','2025-11-27 11:12:48','2025-11-27 11:12:41',25151,1,1),(1720,'WordValidationMessage','2025-11-27 11:13:47','2025-11-27 11:12:42',25121,1,1),(1721,'PowerUpMessage','2025-11-27 11:15:00','2025-11-27 11:12:43',25370,1,1),(1722,'WordSendMessage','2025-11-27 11:14:43','2025-11-27 11:12:43',25203,1,1),(1723,'WordValidationMessage','2025-11-27 11:12:44','2025-11-27 11:12:43',25218,1,1),(1724,'PowerUpMessage','2025-11-27 11:13:49','2025-11-27 11:12:44',25121,1,1),(1725,'CaseSelectedMessage','2025-11-27 11:11:42','2025-11-27 11:12:45',25039,1,1),(1726,'TimeStatsMessage','2025-11-27 11:11:42','2025-11-27 11:12:45',25039,1,1),(1727,'WordValidationMessage','2025-11-27 11:12:45','2025-11-27 11:12:45',25065,1,1),(1728,'TimeStatsMessage','2025-11-27 11:12:53','2025-11-27 11:12:46',25151,1,1),(1729,'WordSendMessage','2025-11-27 11:12:53','2025-11-27 11:12:46',25151,1,1),(1730,'WordSendMessage','2025-11-27 11:12:48','2025-11-27 11:12:46',25315,1,1),(1731,'TimeStatsMessage','2025-11-27 11:12:54','2025-11-27 11:12:47',25151,1,1),(1732,'TimeStatsMessage','2025-11-27 11:12:54','2025-11-27 11:12:47',25151,1,1),(1733,'PowerUpMessage','2025-11-27 11:13:52','2025-11-27 11:12:47',25121,1,1),(1734,'WordValidationMessage','2025-11-27 11:12:48','2025-11-27 11:12:47',25218,1,1),(1735,'WordValidationMessage','2025-11-27 11:15:05','2025-11-27 11:12:47',25370,1,1),(1736,'WordValidationMessage','2025-11-27 11:12:49','2025-11-27 11:12:48',25218,1,1),(1737,'WordValidationMessage','2025-11-27 11:12:52','2025-11-27 11:12:48',25191,1,1),(1738,'WordValidationMessage','2025-11-27 11:12:49','2025-11-27 11:12:48',25218,1,1),(1739,'WordSendMessage','2025-11-27 11:12:46','2025-11-27 11:12:48',25146,1,1),(1740,'WordValidationMessage','2025-11-27 11:12:49','2025-11-27 11:12:48',25218,1,1),(1741,'WordSendMessage','2025-11-27 11:12:48','2025-11-27 11:12:48',25098,1,1),(1742,'PowerUpMessage','2025-11-27 11:12:50','2025-11-27 11:12:50',25244,1,1),(1743,'PowerUpMessage','2025-11-27 11:12:51','2025-11-27 11:12:51',25244,1,1),(1744,'WordValidationMessage','2025-11-27 11:12:51','2025-11-27 11:12:52',25098,1,1),(1745,'WordSendMessage','2025-11-27 11:12:51','2025-11-27 11:12:52',25065,1,1),(1746,'CaseDetailsMessage','2025-11-27 11:12:51','2025-11-27 11:12:53',25146,1,1),(1747,'WordValidationMessage','2025-11-27 11:14:54','2025-11-27 11:12:54',25203,1,1),(1748,'PowerUpMessage','2025-11-27 11:12:56','2025-11-27 11:12:54',25352,1,1),(1749,'PowerUpMessage','2025-11-27 11:12:52','2025-11-27 11:12:55',25268,1,1),(1750,'CaseDetailsMessage','2025-11-27 11:11:55','2025-11-27 11:12:55',25270,1,1),(1751,'WordValidationMessage','2025-11-27 11:12:56','2025-11-27 11:12:56',25123,1,1),(1752,'PowerUpMessage','2025-11-27 11:15:14','2025-11-27 11:12:57',25370,1,1),(1753,'WordSendMessage','2025-11-27 11:11:53','2025-11-27 11:12:57',25039,1,1),(1754,'WordSendMessage','2025-11-27 11:12:56','2025-11-27 11:12:57',25065,1,1),(1755,'WordValidationMessage','2025-11-27 11:12:54','2025-11-27 11:12:57',25268,1,1),(1756,'WordValidationMessage','2025-11-27 11:12:57','2025-11-27 11:12:57',25244,1,1),(1757,'WordValidationMessage','2025-11-27 11:12:10','2025-11-27 11:12:58',25364,1,1),(1758,'WordSendMessage','2025-11-27 11:12:56','2025-11-27 11:13:00',25268,1,1),(1759,'WordValidationMessage','2025-11-27 11:14:06','2025-11-27 11:13:01',25121,1,1),(1760,'WordSendMessage','2025-11-27 11:13:01','2025-11-27 11:13:02',25098,1,1),(1761,'WordSendMessage','2025-11-27 11:13:04','2025-11-27 11:13:02',25315,1,1),(1762,'WordSendMessage','2025-11-27 11:13:04','2025-11-27 11:13:03',25218,1,1),(1763,'WordSendMessage','2025-11-27 11:11:59','2025-11-27 11:13:03',25039,1,1),(1764,'WordSendMessage','2025-11-27 11:13:02','2025-11-27 11:13:03',25065,1,1),(1765,'TimeStatsMessage','2025-11-27 11:13:00','2025-11-27 11:13:03',25268,1,1),(1766,'WordSendMessage','2025-11-27 11:13:00','2025-11-27 11:13:03',25268,1,1),(1767,'TimeStatsMessage','2025-11-27 11:13:14','2025-11-27 11:13:04',25184,1,1),(1768,'WordSendMessage','2025-11-27 11:13:14','2025-11-27 11:13:04',25184,1,1),(1769,'TimeStatsMessage','2025-11-27 11:13:01','2025-11-27 11:13:04',25268,1,1),(1770,'TimeStatsMessage','2025-11-27 11:13:01','2025-11-27 11:13:04',25268,1,1),(1771,'WordSendMessage','2025-11-27 11:13:03','2025-11-27 11:13:04',25146,1,1),(1772,'WordSendMessage','2025-11-27 11:13:05','2025-11-27 11:13:06',25098,1,1),(1773,'WordSendMessage','2025-11-27 11:14:11','2025-11-27 11:13:06',25121,1,1),(1774,'WordSendMessage','2025-11-27 11:13:05','2025-11-27 11:13:06',25244,1,1),(1775,'WordValidationMessage','2025-11-27 11:12:18','2025-11-27 11:13:06',25364,1,1),(1776,'WordSendMessage','2025-11-27 11:13:08','2025-11-27 11:13:07',25089,1,1),(1777,'CaseDetailsMessage','2025-11-27 11:12:07','2025-11-27 11:13:07',25270,1,1),(1778,'WordValidationMessage','2025-11-27 11:15:26','2025-11-27 11:13:08',25370,1,1),(1779,'WordSendMessage','2025-11-27 11:13:11','2025-11-27 11:13:09',25315,1,1),(1780,'WordSendMessage','2025-11-27 11:13:13','2025-11-27 11:13:10',25015,1,1),(1781,'WordSendMessage','2025-11-27 11:12:07','2025-11-27 11:13:10',25039,1,1),(1782,'WordValidationMessage','2025-11-27 11:15:29','2025-11-27 11:13:12',25370,1,1),(1783,'WordValidationMessage','2025-11-27 11:12:24','2025-11-27 11:13:12',25364,1,1),(1784,'WordSendMessage','2025-11-27 11:14:17','2025-11-27 11:13:12',25121,1,1),(1785,'WordSendMessage','2025-11-27 11:13:15','2025-11-27 11:13:12',25015,1,1),(1786,'WordSendMessage','2025-11-27 11:13:12','2025-11-27 11:13:13',25244,1,1),(1787,'WordSendMessage','2025-11-27 11:13:16','2025-11-27 11:13:13',25352,1,1),(1788,'WordValidationMessage','2025-11-27 11:13:13','2025-11-27 11:13:14',25065,1,1),(1789,'WordValidationMessage','2025-11-27 11:12:25','2025-11-27 11:13:14',25364,1,1),(1790,'WordValidationMessage','2025-11-27 11:13:17','2025-11-27 11:13:15',25089,1,1),(1791,'WordSendMessage','2025-11-27 11:13:18','2025-11-27 11:13:15',25015,1,1),(1792,'WordSendMessage','2025-11-27 11:13:18','2025-11-27 11:13:16',25315,1,1),(1793,'CaseDetailsMessage','2025-11-27 11:13:16','2025-11-27 11:13:16',25098,1,1),(1794,'WordValidationMessage','2025-11-27 11:12:28','2025-11-27 11:13:17',25364,1,1),(1795,'WordSendMessage','2025-11-27 11:15:17','2025-11-27 11:13:17',25203,1,1),(1796,'WordSendMessage','2025-11-27 11:12:13','2025-11-27 11:13:17',25039,1,1),(1797,'WordSendMessage','2025-11-27 11:13:20','2025-11-27 11:13:18',25352,1,1),(1798,'WordSendMessage','2025-11-27 11:13:19','2025-11-27 11:13:19',25244,1,1),(1799,'WordSendMessage','2025-11-27 11:13:19','2025-11-27 11:13:20',25065,1,1),(1800,'WordValidationMessage','2025-11-27 11:12:32','2025-11-27 11:13:21',25364,1,1),(1801,'WordSendMessage','2025-11-27 11:13:24','2025-11-27 11:13:21',25015,1,1),(1802,'CaseDetailsMessage','2025-11-27 11:13:20','2025-11-27 11:13:21',25146,1,1),(1803,'WordSendMessage','2025-11-27 11:13:24','2025-11-27 11:13:22',25352,1,1),(1804,'WordValidationMessage','2025-11-27 11:13:23','2025-11-27 11:13:22',25089,1,1),(1805,'WordValidationMessage','2025-11-27 11:12:34','2025-11-27 11:13:22',25364,1,1),(1806,'WordSendMessage','2025-11-27 11:13:22','2025-11-27 11:13:22',25065,1,1),(1807,'WordSendMessage','2025-11-27 11:13:25','2025-11-27 11:13:23',25315,1,1),(1808,'WordSendMessage','2025-11-27 11:13:25','2025-11-27 11:13:24',25218,1,1),(1809,'WordValidationMessage','2025-11-27 11:12:36','2025-11-27 11:13:24',25364,1,1),(1810,'WordSendMessage','2025-11-27 11:15:42','2025-11-27 11:13:25',25370,1,1),(1811,'WordSendMessage','2025-11-27 11:13:27','2025-11-27 11:13:26',25315,1,1),(1812,'WordValidationMessage','2025-11-27 11:13:28','2025-11-27 11:13:26',25089,1,1),(1813,'CaseDetailsMessage','2025-11-27 11:13:31','2025-11-27 11:13:28',25015,1,1),(1814,'WordSendMessage','2025-11-27 11:13:31','2025-11-27 11:13:30',25218,1,1),(1815,'WordValidationMessage','2025-11-27 11:14:35','2025-11-27 11:13:30',25121,1,1),(1816,'TimeStatsMessage','2025-11-27 11:13:40','2025-11-27 11:13:30',25184,1,1),(1817,'CaseSelectedMessage','2025-11-27 11:13:40','2025-11-27 11:13:30',25184,1,1),(1818,'WordValidationMessage','2025-11-27 11:13:30','2025-11-27 11:13:30',25123,1,1),(1819,'PowerUpMessage','2025-11-27 11:12:43','2025-11-27 11:13:31',25364,1,1),(1820,'PowerUpMessage','2025-11-27 11:13:30','2025-11-27 11:13:31',25065,1,1),(1821,'CaseDetailsMessage','2025-11-27 11:13:34','2025-11-27 11:13:31',25015,1,1),(1822,'WordValidationMessage','2025-11-27 11:12:29','2025-11-27 11:13:33',25039,1,1),(1823,'WordValidationMessage','2025-11-27 11:13:36','2025-11-27 11:13:33',25352,1,1),(1824,'WordValidationMessage','2025-11-27 11:12:46','2025-11-27 11:13:34',25364,1,1),(1825,'WordSendMessage','2025-11-27 11:13:35','2025-11-27 11:13:34',25218,1,1),(1826,'GameModeMessage','2025-11-27 11:13:41','2025-11-27 11:13:34',25151,1,1),(1827,'CaseDetailsMessage','2025-11-27 11:13:37','2025-11-27 11:13:35',25015,1,1),(1828,'WordValidationMessage','2025-11-27 11:13:35','2025-11-27 11:13:35',25123,1,1),(1829,'WordValidationMessage','2025-11-27 11:12:47','2025-11-27 11:13:35',25364,1,1),(1830,'PowerUpMessage','2025-11-27 11:12:32','2025-11-27 11:13:36',25039,1,1),(1831,'WordValidationMessage','2025-11-27 11:12:48','2025-11-27 11:13:36',25364,1,1),(1832,'WordSendMessage','2025-11-27 11:12:36','2025-11-27 11:13:37',25270,1,1),(1833,'WordValidationMessage','2025-11-27 11:15:38','2025-11-27 11:13:38',25203,1,1),(1834,'WordValidationMessage','2025-11-27 11:12:34','2025-11-27 11:13:38',25039,1,1),(1835,'WordSendMessage','2025-11-27 11:13:48','2025-11-27 11:13:38',25184,1,1),(1836,'PowerUpMessage','2025-11-27 11:12:50','2025-11-27 11:13:39',25364,1,1),(1837,'PowerUpMessage','2025-11-27 11:12:35','2025-11-27 11:13:39',25039,1,1),(1838,'CaseSelectedMessage','2025-11-27 11:13:47','2025-11-27 11:13:40',25151,1,1),(1839,'TimeStatsMessage','2025-11-27 11:13:47','2025-11-27 11:13:40',25151,1,1),(1840,'WordSendMessage','2025-11-27 11:13:39','2025-11-27 11:13:40',25146,1,1),(1841,'WordSendMessage','2025-11-27 11:13:41','2025-11-27 11:13:40',25218,1,1),(1842,'WordValidationMessage','2025-11-27 11:12:52','2025-11-27 11:13:40',25364,1,1),(1843,'WordValidationMessage','2025-11-27 11:12:52','2025-11-27 11:13:41',25364,1,1),(1844,'WordValidationMessage','2025-11-27 11:15:41','2025-11-27 11:13:41',25203,1,1),(1845,'WordValidationMessage','2025-11-27 11:12:53','2025-11-27 11:13:41',25364,1,1),(1846,'WordValidationMessage','2025-11-27 11:12:38','2025-11-27 11:13:41',25039,1,1),(1847,'WordValidationMessage','2025-11-27 11:12:54','2025-11-27 11:13:42',25364,1,1),(1848,'WordValidationMessage','2025-11-27 11:12:55','2025-11-27 11:13:43',25364,1,1),(1849,'WordValidationMessage','2025-11-27 11:15:43','2025-11-27 11:13:43',25203,1,1),(1850,'WordSendMessage','2025-11-27 11:16:01','2025-11-27 11:13:43',25370,1,1),(1851,'WordValidationMessage','2025-11-27 11:12:57','2025-11-27 11:13:45',25364,1,1),(1852,'WordValidationMessage','2025-11-27 11:12:58','2025-11-27 11:13:46',25364,1,1),(1853,'WordSendMessage','2025-11-27 11:13:49','2025-11-27 11:13:46',25352,1,1),(1854,'WordValidationMessage','2025-11-27 11:12:58','2025-11-27 11:13:47',25364,1,1),(1855,'WordSendMessage','2025-11-27 11:12:47','2025-11-27 11:13:47',25270,1,1),(1856,'WordValidationMessage','2025-11-27 11:12:59','2025-11-27 11:13:47',25364,1,1),(1857,'WordSendMessage','2025-11-27 11:14:54','2025-11-27 11:13:49',25121,1,1),(1858,'WordSendMessage','2025-11-27 11:13:52','2025-11-27 11:13:49',25015,1,1),(1859,'WordValidationMessage','2025-11-27 11:13:01','2025-11-27 11:13:49',25364,1,1),(1860,'WordValidationMessage','2025-11-27 11:13:51','2025-11-27 11:13:50',25218,1,1),(1861,'WordValidationMessage','2025-11-27 11:13:50','2025-11-27 11:13:50',25123,1,1),(1862,'WordSendMessage','2025-11-27 11:13:49','2025-11-27 11:13:50',25244,1,1),(1863,'PowerUpMessage','2025-11-27 11:13:49','2025-11-27 11:13:51',25146,1,1),(1864,'WordValidationMessage','2025-11-27 11:13:03','2025-11-27 11:13:51',25364,1,1),(1865,'WordValidationMessage','2025-11-27 11:13:04','2025-11-27 11:13:53',25364,1,1),(1866,'PowerUpMessage','2025-11-27 11:13:58','2025-11-27 11:13:53',25191,1,1),(1867,'WordSendMessage','2025-11-27 11:13:54','2025-11-27 11:13:53',25218,1,1),(1868,'WordValidationMessage','2025-11-27 11:14:54','2025-11-27 11:13:53',25120,1,1),(1869,'WordValidationMessage','2025-11-27 11:13:05','2025-11-27 11:13:53',25364,1,1),(1870,'WordValidationMessage','2025-11-27 11:12:50','2025-11-27 11:13:54',25039,1,1),(1871,'WordSendMessage','2025-11-27 11:13:54','2025-11-27 11:13:54',25244,1,1),(1872,'WordValidationMessage','2025-11-27 11:13:06','2025-11-27 11:13:54',25364,1,1),(1873,'WordValidationMessage','2025-11-27 11:13:07','2025-11-27 11:13:56',25364,1,1),(1874,'PowerUpMessage','2025-11-27 11:12:52','2025-11-27 11:13:56',25039,1,1),(1875,'PowerUpMessage','2025-11-27 11:13:59','2025-11-27 11:13:56',25352,1,1),(1876,'WordValidationMessage','2025-11-27 11:13:09','2025-11-27 11:13:57',25364,1,1),(1877,'WordSendMessage','2025-11-27 11:14:58','2025-11-27 11:13:57',25120,1,1),(1878,'WordSendMessage','2025-11-27 11:13:58','2025-11-27 11:13:58',25098,1,1),(1879,'WordValidationMessage','2025-11-27 11:13:11','2025-11-27 11:13:59',25364,1,1),(1880,'PowerUpMessage','2025-11-27 11:14:04','2025-11-27 11:14:00',25191,1,1),(1881,'WordSendMessage','2025-11-27 11:13:00','2025-11-27 11:14:01',25270,1,1),(1882,'WordValidationMessage','2025-11-27 11:16:02','2025-11-27 11:14:01',25203,1,1),(1883,'WordValidationMessage','2025-11-27 11:12:58','2025-11-27 11:14:02',25039,1,1),(1884,'WordValidationMessage','2025-11-27 11:14:06','2025-11-27 11:14:02',25191,1,1),(1885,'WordValidationMessage','2025-11-27 11:13:13','2025-11-27 11:14:02',25364,1,1),(1886,'WordValidationMessage','2025-11-27 11:14:07','2025-11-27 11:14:02',25191,1,1),(1887,'WordSendMessage','2025-11-27 11:14:04','2025-11-27 11:14:03',25218,1,1),(1888,'WordValidationMessage','2025-11-27 11:14:10','2025-11-27 11:14:03',25151,1,1),(1889,'WordValidationMessage','2025-11-27 11:13:15','2025-11-27 11:14:03',25364,1,1),(1890,'WordValidationMessage','2025-11-27 11:13:17','2025-11-27 11:14:05',25364,1,1),(1891,'CaseDetailsMessage','2025-11-27 11:14:04','2025-11-27 11:14:05',25244,1,1),(1892,'WordValidationMessage','2025-11-27 11:16:06','2025-11-27 11:14:06',25203,1,1),(1893,'WordValidationMessage','2025-11-27 11:14:08','2025-11-27 11:14:06',25315,1,1),(1894,'WordSendMessage','2025-11-27 11:13:03','2025-11-27 11:14:06',25039,1,1),(1895,'WordValidationMessage','2025-11-27 11:16:07','2025-11-27 11:14:07',25203,1,1),(1896,'WordValidationMessage','2025-11-27 11:13:19','2025-11-27 11:14:07',25364,1,1),(1897,'WordSendMessage','2025-11-27 11:14:11','2025-11-27 11:14:08',25015,1,1),(1898,'WordValidationMessage','2025-11-27 11:14:10','2025-11-27 11:14:08',25089,1,1),(1899,'WordValidationMessage','2025-11-27 11:13:20','2025-11-27 11:14:08',25364,1,1),(1900,'WordSendMessage','2025-11-27 11:14:08','2025-11-27 11:14:09',25098,1,1),(1901,'WordValidationMessage','2025-11-27 11:13:21','2025-11-27 11:14:09',25364,1,1),(1902,'WordSendMessage','2025-11-27 11:14:15','2025-11-27 11:14:10',25191,1,1),(1903,'WordValidationMessage','2025-11-27 11:13:22','2025-11-27 11:14:11',25364,1,1),(1904,'WordValidationMessage','2025-11-27 11:14:10','2025-11-27 11:14:11',25065,1,1),(1905,'WordValidationMessage','2025-11-27 11:14:13','2025-11-27 11:14:11',25315,1,1),(1906,'WordValidationMessage','2025-11-27 11:13:23','2025-11-27 11:14:12',25364,1,1),(1907,'WordValidationMessage','2025-11-27 11:16:13','2025-11-27 11:14:12',25203,1,1),(1908,'WordValidationMessage','2025-11-27 11:14:14','2025-11-27 11:14:13',25315,1,1),(1909,'PowerUpMessage','2025-11-27 11:14:18','2025-11-27 11:14:13',25191,1,1),(1910,'WordSendMessage','2025-11-27 11:14:15','2025-11-27 11:14:13',25089,1,1),(1911,'WordValidationMessage','2025-11-27 11:14:16','2025-11-27 11:14:14',25315,1,1),(1912,'WordSendMessage','2025-11-27 11:13:14','2025-11-27 11:14:14',25270,1,1),(1913,'WordSendMessage','2025-11-27 11:14:14','2025-11-27 11:14:15',25244,1,1),(1914,'WordValidationMessage','2025-11-27 11:14:14','2025-11-27 11:14:15',25065,1,1),(1915,'WordSendMessage','2025-11-27 11:14:18','2025-11-27 11:14:16',25015,1,1),(1916,'WordSendMessage','2025-11-27 11:16:16','2025-11-27 11:14:16',25203,1,1),(1917,'WordValidationMessage','2025-11-27 11:14:21','2025-11-27 11:14:16',25191,1,1),(1918,'WordSendMessage','2025-11-27 11:14:16','2025-11-27 11:14:16',25244,1,1),(1919,'CaseDetailsMessage','2025-11-27 11:15:22','2025-11-27 11:14:17',25121,1,1),(1920,'WordSendMessage','2025-11-27 11:13:29','2025-11-27 11:14:17',25364,1,1),(1921,'PowerUpMessage','2025-11-27 11:16:18','2025-11-27 11:14:18',25203,1,1),(1922,'WordSendMessage','2025-11-27 11:14:18','2025-11-27 11:14:18',25065,1,1),(1923,'PowerUpMessage','2025-11-27 11:14:20','2025-11-27 11:14:18',25089,1,1),(1924,'WordSendMessage','2025-11-27 11:13:15','2025-11-27 11:14:19',25039,1,1),(1925,'PowerUpMessage','2025-11-27 11:14:21','2025-11-27 11:14:19',25089,1,1),(1926,'WordSendMessage','2025-11-27 11:14:18','2025-11-27 11:14:19',25244,1,1),(1927,'PowerUpMessage','2025-11-27 11:14:21','2025-11-27 11:14:19',25089,1,1),(1928,'WordSendMessage','2025-11-27 11:14:18','2025-11-27 11:14:19',25146,1,1),(1929,'PowerUpMessage','2025-11-27 11:14:21','2025-11-27 11:14:19',25089,1,1),(1930,'PowerUpMessage','2025-11-27 11:14:21','2025-11-27 11:14:20',25089,1,1),(1931,'PowerUpMessage','2025-11-27 11:14:21','2025-11-27 11:14:20',25089,1,1),(1932,'WordValidationMessage','2025-11-27 11:14:22','2025-11-27 11:14:20',25315,1,1),(1933,'PowerUpMessage','2025-11-27 11:14:20','2025-11-27 11:14:20',25098,1,1),(1934,'WordValidationMessage','2025-11-27 11:16:21','2025-11-27 11:14:21',25203,1,1),(1935,'CaseDetailsMessage','2025-11-27 11:14:21','2025-11-27 11:14:22',25244,1,1),(1936,'WordSendMessage','2025-11-27 11:13:34','2025-11-27 11:14:22',25364,1,1),(1937,'WordValidationMessage','2025-11-27 11:14:24','2025-11-27 11:14:22',25315,1,1),(1938,'WordSendMessage','2025-11-27 11:14:22','2025-11-27 11:14:23',25065,1,1),(1939,'PowerUpMessage','2025-11-27 11:14:26','2025-11-27 11:14:25',25315,1,1),(1940,'WordSendMessage','2025-11-27 11:16:26','2025-11-27 11:14:25',25203,1,1),(1941,'PowerUpMessage','2025-11-27 11:14:27','2025-11-27 11:14:25',25315,1,1),(1942,'WordSendMessage','2025-11-27 11:13:37','2025-11-27 11:14:26',25364,1,1),(1943,'PowerUpMessage','2025-11-27 11:14:25','2025-11-27 11:14:26',25065,1,1),(1944,'WordSendMessage','2025-11-27 11:14:25','2025-11-27 11:14:26',25244,1,1),(1945,'WordSendMessage','2025-11-27 11:14:26','2025-11-27 11:14:26',25098,1,1),(1946,'CaseDetailsMessage','2025-11-27 11:14:25','2025-11-27 11:14:26',25146,1,1),(1947,'WordSendMessage','2025-11-27 11:14:28','2025-11-27 11:14:29',25244,1,1),(1948,'WordSendMessage','2025-11-27 11:13:27','2025-11-27 11:14:30',25039,1,1),(1949,'WordSendMessage','2025-11-27 11:16:31','2025-11-27 11:14:31',25203,1,1),(1950,'PowerUpMessage','2025-11-27 11:15:32','2025-11-27 11:14:31',25120,1,1),(1951,'WordSendMessage','2025-11-27 11:14:33','2025-11-27 11:14:31',25089,1,1),(1952,'WordSendMessage','2025-11-27 11:14:30','2025-11-27 11:14:31',25244,1,1),(1953,'WordSendMessage','2025-11-27 11:13:43','2025-11-27 11:14:31',25364,1,1),(1954,'WordSendMessage','2025-11-27 11:14:37','2025-11-27 11:14:34',25352,1,1),(1955,'WordSendMessage','2025-11-27 11:13:47','2025-11-27 11:14:35',25364,1,1),(1956,'WordSendMessage','2025-11-27 11:13:32','2025-11-27 11:14:35',25039,1,1),(1957,'WordSendMessage','2025-11-27 11:14:37','2025-11-27 11:14:36',25089,1,1),(1958,'WordSendMessage','2025-11-27 11:14:38','2025-11-27 11:14:37',25315,1,1),(1959,'WordValidationMessage','2025-11-27 11:14:38','2025-11-27 11:14:37',25218,1,1),(1960,'WordSendMessage','2025-11-27 11:14:36','2025-11-27 11:14:38',25146,1,1),(1961,'WordValidationMessage','2025-11-27 11:14:40','2025-11-27 11:14:38',25015,1,1),(1962,'CaseDetailsMessage','2025-11-27 11:14:39','2025-11-27 11:14:39',25244,1,1),(1963,'WordSendMessage','2025-11-27 11:14:45','2025-11-27 11:14:40',25191,1,1),(1964,'WordSendMessage','2025-11-27 11:14:43','2025-11-27 11:14:41',25315,1,1),(1965,'TimeStatsMessage','2025-11-27 11:16:42','2025-11-27 11:14:42',25203,1,1),(1966,'WordSendMessage','2025-11-27 11:16:42','2025-11-27 11:14:42',25203,1,1),(1967,'PowerUpMessage','2025-11-27 11:15:43','2025-11-27 11:14:42',25120,1,1),(1968,'WordValidationMessage','2025-11-27 11:14:42','2025-11-27 11:14:42',25065,1,1),(1969,'WordSendMessage','2025-11-27 11:17:00','2025-11-27 11:14:43',25370,1,1),(1970,'PowerUpMessage','2025-11-27 11:15:44','2025-11-27 11:14:43',25120,1,1),(1971,'PowerUpMessage','2025-11-27 11:15:45','2025-11-27 11:14:44',25120,1,1),(1972,'WordSendMessage','2025-11-27 11:14:46','2025-11-27 11:14:44',25089,1,1),(1973,'WordSendMessage','2025-11-27 11:14:45','2025-11-27 11:14:45',25098,1,1),(1974,'WordSendMessage','2025-11-27 11:14:47','2025-11-27 11:14:46',25315,1,1),(1975,'WordSendMessage','2025-11-27 11:14:51','2025-11-27 11:14:46',25191,1,1),(1976,'WordValidationMessage','2025-11-27 11:14:49','2025-11-27 11:14:46',25015,1,1),(1977,'CaseDetailsMessage','2025-11-27 11:14:46','2025-11-27 11:14:47',25146,1,1),(1978,'WordSendMessage','2025-11-27 11:14:48','2025-11-27 11:14:49',25065,1,1),(1979,'WordSendMessage','2025-11-27 11:14:51','2025-11-27 11:14:49',25089,1,1),(1980,'PowerUpMessage','2025-11-27 11:14:01','2025-11-27 11:14:49',25364,1,1),(1981,'WordSendMessage','2025-11-27 11:13:50','2025-11-27 11:14:50',25270,1,1),(1982,'WordValidationMessage','2025-11-27 11:14:54','2025-11-27 11:14:51',25015,1,1),(1983,'WordValidationMessage','2025-11-27 11:14:03','2025-11-27 11:14:52',25364,1,1),(1984,'WordSendMessage','2025-11-27 11:17:09','2025-11-27 11:14:52',25370,1,1),(1985,'TimeStatsMessage','2025-11-27 11:15:53','2025-11-27 11:14:52',25120,1,1),(1986,'WordSendMessage','2025-11-27 11:15:53','2025-11-27 11:14:52',25120,1,1),(1987,'WordValidationMessage','2025-11-27 11:14:04','2025-11-27 11:14:52',25364,1,1),(1988,'WordSendMessage','2025-11-27 11:14:58','2025-11-27 11:14:53',25191,1,1),(1989,'WordValidationMessage','2025-11-27 11:14:05','2025-11-27 11:14:53',25364,1,1),(1990,'TimeStatsMessage','2025-11-27 11:13:50','2025-11-27 11:14:54',25039,1,1),(1991,'WordSendMessage','2025-11-27 11:13:50','2025-11-27 11:14:54',25039,1,1),(1992,'WordSendMessage','2025-11-27 11:14:56','2025-11-27 11:14:54',25315,1,1),(1993,'WordSendMessage','2025-11-27 11:14:55','2025-11-27 11:14:55',25098,1,1),(1994,'TimeStatsMessage','2025-11-27 11:15:00','2025-11-27 11:14:56',25191,1,1),(1995,'WordSendMessage','2025-11-27 11:15:00','2025-11-27 11:14:56',25191,1,1),(1996,'WordSendMessage','2025-11-27 11:14:58','2025-11-27 11:14:56',25089,1,1),(1997,'WordSendMessage','2025-11-27 11:14:08','2025-11-27 11:14:57',25364,1,1),(1998,'TimeStatsMessage','2025-11-27 11:17:15','2025-11-27 11:14:58',25370,1,1),(1999,'WordSendMessage','2025-11-27 11:17:15','2025-11-27 11:14:58',25370,1,1),(2000,'WordValidationMessage','2025-11-27 11:15:01','2025-11-27 11:14:58',25015,1,1),(2001,'WordValidationMessage','2025-11-27 11:15:03','2025-11-27 11:15:00',25015,1,1),(2002,'WordValidationMessage','2025-11-27 11:15:04','2025-11-27 11:15:01',25015,1,1),(2003,'WordValidationMessage','2025-11-27 11:15:04','2025-11-27 11:15:02',25315,1,1),(2004,'WordSendMessage','2025-11-27 11:15:03','2025-11-27 11:15:03',25098,1,1),(2005,'TimeStatsMessage','2025-11-27 11:16:05','2025-11-27 11:15:04',25120,1,1),(2006,'CaseSelectedMessage','2025-11-27 11:16:05','2025-11-27 11:15:04',25120,1,1),(2007,'PowerUpMessage','2025-11-27 11:15:03','2025-11-27 11:15:05',25146,1,1),(2008,'CaseSelectedMessage','2025-11-27 11:17:22','2025-11-27 11:15:05',25370,1,1),(2009,'TimeStatsMessage','2025-11-27 11:17:22','2025-11-27 11:15:05',25370,1,1),(2010,'WordSendMessage','2025-11-27 11:14:07','2025-11-27 11:15:07',25270,1,1),(2011,'WordValidationMessage','2025-11-27 11:15:06','2025-11-27 11:15:07',25146,1,1),(2012,'WordSendMessage','2025-11-27 11:15:08','2025-11-27 11:15:08',25123,1,1),(2013,'WordSendMessage','2025-11-27 11:15:10','2025-11-27 11:15:09',25089,1,1),(2014,'WordValidationMessage','2025-11-27 11:15:11','2025-11-27 11:15:09',25015,1,1),(2015,'WordSendMessage','2025-11-27 11:15:11','2025-11-27 11:15:10',25315,1,1),(2016,'PowerUpMessage','2025-11-27 11:14:22','2025-11-27 11:15:10',25364,1,1),(2017,'WordSendMessage','2025-11-27 11:15:10','2025-11-27 11:15:10',25098,1,1),(2018,'WordSendMessage','2025-11-27 11:15:14','2025-11-27 11:15:11',25015,1,1),(2019,'WordSendMessage','2025-11-27 11:15:11','2025-11-27 11:15:11',25065,1,1),(2020,'WordValidationMessage','2025-11-27 11:17:29','2025-11-27 11:15:11',25370,1,1),(2021,'PowerUpMessage','2025-11-27 11:14:24','2025-11-27 11:15:12',25364,1,1),(2022,'WordValidationMessage','2025-11-27 11:17:30','2025-11-27 11:15:13',25370,1,1),(2023,'PowerUpMessage','2025-11-27 11:15:12','2025-11-27 11:15:13',25065,1,1),(2024,'PowerUpMessage','2025-11-27 11:14:25','2025-11-27 11:15:13',25364,1,1),(2025,'WordSendMessage','2025-11-27 11:15:16','2025-11-27 11:15:14',25089,1,1),(2026,'WordSendMessage','2025-11-27 11:15:17','2025-11-27 11:15:15',25015,1,1),(2027,'WordValidationMessage','2025-11-27 11:15:16','2025-11-27 11:15:15',25315,1,1),(2028,'TimeStatsMessage','2025-11-27 11:14:12','2025-11-27 11:15:15',25039,1,1),(2029,'CaseSelectedMessage','2025-11-27 11:14:12','2025-11-27 11:15:15',25039,1,1),(2030,'WordSendMessage','2025-11-27 11:14:27','2025-11-27 11:15:16',25364,1,1),(2031,'WordValidationMessage','2025-11-27 11:14:15','2025-11-27 11:15:16',25270,1,1),(2032,'CaseSelectedMessage','2025-11-27 11:15:18','2025-11-27 11:15:16',25352,1,1),(2033,'TimeStatsMessage','2025-11-27 11:15:18','2025-11-27 11:15:16',25352,1,1),(2034,'WordValidationMessage','2025-11-27 11:15:16','2025-11-27 11:15:16',25123,1,1),(2035,'WordValidationMessage','2025-11-27 11:15:18','2025-11-27 11:15:17',25315,1,1),(2036,'WordSendMessage','2025-11-27 11:15:20','2025-11-27 11:15:17',25015,1,1),(2037,'WordSendMessage','2025-11-27 11:15:19','2025-11-27 11:15:17',25089,1,1),(2038,'WordSendMessage','2025-11-27 11:15:22','2025-11-27 11:15:19',25015,1,1),(2039,'WordSendMessage','2025-11-27 11:14:16','2025-11-27 11:15:20',25039,1,1),(2040,'WordSendMessage','2025-11-27 11:15:22','2025-11-27 11:15:20',25315,1,1),(2041,'WordSendMessage','2025-11-27 11:15:21','2025-11-27 11:15:21',25065,1,1),(2042,'WordSendMessage','2025-11-27 11:15:24','2025-11-27 11:15:22',25015,1,1),(2043,'PowerUpMessage','2025-11-27 11:15:24','2025-11-27 11:15:22',25315,1,1),(2044,'WordSendMessage','2025-11-27 11:14:22','2025-11-27 11:15:22',25270,1,1),(2045,'WordSendMessage','2025-11-27 11:15:24','2025-11-27 11:15:23',25089,1,1),(2046,'WordSendMessage','2025-11-27 11:15:26','2025-11-27 11:15:23',25015,1,1),(2047,'WordValidationMessage','2025-11-27 11:15:26','2025-11-27 11:15:24',25315,1,1),(2048,'TimeStatsMessage','2025-11-27 11:16:30','2025-11-27 11:15:25',25121,1,1),(2049,'WordSendMessage','2025-11-27 11:16:30','2025-11-27 11:15:25',25121,1,1),(2050,'WordSendMessage','2025-11-27 11:15:25','2025-11-27 11:15:25',25098,1,1),(2051,'WordSendMessage','2025-11-27 11:14:22','2025-11-27 11:15:26',25039,1,1),(2052,'WordSendMessage','2025-11-27 11:15:28','2025-11-27 11:15:26',25089,1,1),(2053,'WordSendMessage','2025-11-27 11:14:26','2025-11-27 11:15:27',25270,1,1),(2054,'WordSendMessage','2025-11-27 11:15:29','2025-11-27 11:15:27',25015,1,1),(2055,'CaseDetailsMessage','2025-11-27 11:15:28','2025-11-27 11:15:27',25218,1,1),(2056,'WordSendMessage','2025-11-27 11:15:29','2025-11-27 11:15:27',25315,1,1),(2057,'WordSendMessage','2025-11-27 11:15:31','2025-11-27 11:15:29',25015,1,1),(2058,'WordSendMessage','2025-11-27 11:14:25','2025-11-27 11:15:29',25039,1,1),(2059,'PowerUpMessage','2025-11-27 11:14:30','2025-11-27 11:15:30',25270,1,1),(2060,'WordSendMessage','2025-11-27 11:15:33','2025-11-27 11:15:30',25015,1,1),(2061,'WordSendMessage','2025-11-27 11:15:34','2025-11-27 11:15:32',25352,1,1),(2062,'WordSendMessage','2025-11-27 11:14:30','2025-11-27 11:15:33',25039,1,1),(2063,'WordSendMessage','2025-11-27 11:15:36','2025-11-27 11:15:33',25015,1,1),(2064,'WordSendMessage','2025-11-27 11:14:35','2025-11-27 11:15:35',25270,1,1),(2065,'WordSendMessage','2025-11-27 11:15:38','2025-11-27 11:15:36',25015,1,1),(2066,'WordValidationMessage','2025-11-27 11:15:37','2025-11-27 11:15:37',25098,1,1),(2067,'WordValidationMessage','2025-11-27 11:16:38','2025-11-27 11:15:38',25120,1,1),(2068,'WordValidationMessage','2025-11-27 11:17:56','2025-11-27 11:15:39',25370,1,1),(2069,'WordSendMessage','2025-11-27 11:15:42','2025-11-27 11:15:39',25015,1,1),(2070,'WordSendMessage','2025-11-27 11:15:41','2025-11-27 11:15:39',25089,1,1),(2071,'WordSendMessage','2025-11-27 11:14:38','2025-11-27 11:15:42',25039,1,1),(2072,'WordValidationMessage','2025-11-27 11:15:42','2025-11-27 11:15:42',25098,1,1),(2073,'WordSendMessage','2025-11-27 11:16:44','2025-11-27 11:15:43',25120,1,1),(2074,'PowerUpMessage','2025-11-27 11:15:46','2025-11-27 11:15:44',25015,1,1),(2075,'WordSendMessage','2025-11-27 11:15:46','2025-11-27 11:15:45',25218,1,1),(2076,'PowerUpMessage','2025-11-27 11:15:48','2025-11-27 11:15:45',25015,1,1),(2077,'TimeStatsMessage','2025-11-27 11:14:58','2025-11-27 11:15:46',25364,1,1),(2078,'WordSendMessage','2025-11-27 11:14:58','2025-11-27 11:15:46',25364,1,1),(2079,'WordSendMessage','2025-11-27 11:14:46','2025-11-27 11:15:46',25270,1,1),(2080,'WordSendMessage','2025-11-27 11:15:49','2025-11-27 11:15:46',25352,1,1),(2081,'WordSendMessage','2025-11-27 11:18:05','2025-11-27 11:15:48',25370,1,1),(2082,'WordSendMessage','2025-11-27 11:15:48','2025-11-27 11:15:49',25244,1,1),(2083,'WordSendMessage','2025-11-27 11:15:52','2025-11-27 11:15:49',25015,1,1),(2084,'WordSendMessage','2025-11-27 11:15:52','2025-11-27 11:15:50',25089,1,1),(2085,'WordValidationMessage','2025-11-27 11:15:53','2025-11-27 11:15:53',25098,1,1),(2086,'WordSendMessage','2025-11-27 11:15:56','2025-11-27 11:15:54',25315,1,1),(2087,'WordValidationMessage','2025-11-27 11:18:12','2025-11-27 11:15:55',25370,1,1),(2088,'WordSendMessage','2025-11-27 11:15:59','2025-11-27 11:15:57',25089,1,1),(2089,'WordValidationMessage','2025-11-27 11:16:00','2025-11-27 11:15:57',25352,1,1),(2090,'WordSendMessage','2025-11-27 11:18:15','2025-11-27 11:15:57',25370,1,1),(2091,'WordSendMessage','2025-11-27 11:16:58','2025-11-27 11:15:58',25120,1,1),(2092,'WordSendMessage','2025-11-27 11:15:57','2025-11-27 11:15:58',25244,1,1),(2093,'WordSendMessage','2025-11-27 11:15:59','2025-11-27 11:15:58',25315,1,1),(2094,'WordSendMessage','2025-11-27 11:15:57','2025-11-27 11:15:58',25065,1,1),(2095,'WordSendMessage','2025-11-27 11:14:55','2025-11-27 11:15:59',25039,1,1),(2096,'TimeStatsMessage','2025-11-27 11:15:02','2025-11-27 11:16:02',25270,1,1),(2097,'WordSendMessage','2025-11-27 11:15:02','2025-11-27 11:16:02',25270,1,1),(2098,'TimeStatsMessage','2025-11-27 11:16:13','2025-11-27 11:16:03',25184,1,1),(2099,'CaseSelectedMessage','2025-11-27 11:16:13','2025-11-27 11:16:03',25184,1,1),(2100,'CaseDetailsMessage','2025-11-27 11:16:03','2025-11-27 11:16:03',25065,1,1),(2101,'WordValidationMessage','2025-11-27 11:16:04','2025-11-27 11:16:04',25123,1,1),(2102,'WordValidationMessage','2025-11-27 11:16:15','2025-11-27 11:16:05',25184,1,1),(2103,'CaseSelectedMessage','2025-11-27 11:15:17','2025-11-27 11:16:05',25364,1,1),(2104,'TimeStatsMessage','2025-11-27 11:15:17','2025-11-27 11:16:05',25364,1,1),(2105,'WordSendMessage','2025-11-27 11:16:07','2025-11-27 11:16:07',25123,1,1),(2106,'TimeStatsMessage','2025-11-27 11:16:07','2025-11-27 11:16:08',25065,1,1),(2107,'WordSendMessage','2025-11-27 11:16:07','2025-11-27 11:16:08',25065,1,1),(2108,'WordValidationMessage','2025-11-27 11:17:09','2025-11-27 11:16:08',25120,1,1),(2109,'WordValidationMessage','2025-11-27 11:17:11','2025-11-27 11:16:10',25120,1,1),(2110,'WordSendMessage','2025-11-27 11:16:12','2025-11-27 11:16:10',25315,1,1),(2111,'TimeStatsMessage','2025-11-27 11:16:11','2025-11-27 11:16:11',25244,1,1),(2112,'WordSendMessage','2025-11-27 11:16:11','2025-11-27 11:16:11',25244,1,1),(2113,'TimeStatsMessage','2025-11-27 11:16:12','2025-11-27 11:16:12',25244,1,1),(2114,'TimeStatsMessage','2025-11-27 11:16:12','2025-11-27 11:16:12',25244,1,1),(2115,'WordValidationMessage','2025-11-27 11:15:24','2025-11-27 11:16:13',25364,1,1),(2116,'WordValidationMessage','2025-11-27 11:15:10','2025-11-27 11:16:14',25039,1,1),(2117,'TimeStatsMessage','2025-11-27 11:17:19','2025-11-27 11:16:14',25121,1,1),(2118,'CaseSelectedMessage','2025-11-27 11:17:19','2025-11-27 11:16:14',25121,1,1),(2119,'WordValidationMessage','2025-11-27 11:15:26','2025-11-27 11:16:14',25364,1,1),(2120,'TimeStatsMessage','2025-11-27 11:16:17','2025-11-27 11:16:15',25015,1,1),(2121,'WordSendMessage','2025-11-27 11:16:17','2025-11-27 11:16:15',25015,1,1),(2122,'WordSendMessage','2025-11-27 11:16:17','2025-11-27 11:16:15',25315,1,1),(2123,'WordSendMessage','2025-11-27 11:16:15','2025-11-27 11:16:15',25123,1,1),(2124,'TimeStatsMessage','2025-11-27 11:16:18','2025-11-27 11:16:16',25015,1,1),(2125,'TimeStatsMessage','2025-11-27 11:16:18','2025-11-27 11:16:16',25015,1,1),(2126,'WordSendMessage','2025-11-27 11:17:17','2025-11-27 11:16:16',25120,1,1),(2127,'WordValidationMessage','2025-11-27 11:18:34','2025-11-27 11:16:16',25370,1,1),(2128,'CaseSelectedMessage','2025-11-27 11:15:17','2025-11-27 11:16:18',25270,1,1),(2129,'TimeStatsMessage','2025-11-27 11:15:17','2025-11-27 11:16:18',25270,1,1),(2130,'WordSendMessage','2025-11-27 11:18:36','2025-11-27 11:16:19',25370,1,1),(2131,'WordValidationMessage','2025-11-27 11:16:23','2025-11-27 11:16:21',25352,1,1),(2132,'WordValidationMessage','2025-11-27 11:15:32','2025-11-27 11:16:21',25364,1,1),(2133,'CaseSelectedMessage','2025-11-27 11:16:21','2025-11-27 11:16:22',25065,1,1),(2134,'TimeStatsMessage','2025-11-27 11:16:21','2025-11-27 11:16:22',25065,1,1),(2135,'WordValidationMessage','2025-11-27 11:17:24','2025-11-27 11:16:23',25120,1,1),(2136,'WordValidationMessage','2025-11-27 11:16:24','2025-11-27 11:16:24',25098,1,1),(2137,'WordSendMessage','2025-11-27 11:16:26','2025-11-27 11:16:25',25315,1,1),(2138,'WordSendMessage','2025-11-27 11:16:29','2025-11-27 11:16:26',25352,1,1),(2139,'WordValidationMessage','2025-11-27 11:16:29','2025-11-27 11:16:28',25218,1,1),(2140,'WordValidationMessage','2025-11-27 11:15:26','2025-11-27 11:16:29',25039,1,1),(2141,'WordValidationMessage','2025-11-27 11:17:34','2025-11-27 11:16:30',25121,1,1),(2142,'WordValidationMessage','2025-11-27 11:16:32','2025-11-27 11:16:31',25218,1,1),(2143,'WordSendMessage','2025-11-27 11:18:48','2025-11-27 11:16:31',25370,1,1),(2144,'WordSendMessage','2025-11-27 11:16:33','2025-11-27 11:16:31',25089,1,1),(2145,'PowerUpMessage','2025-11-27 11:16:34','2025-11-27 11:16:32',25315,1,1),(2146,'WordValidationMessage','2025-11-27 11:16:33','2025-11-27 11:16:33',25098,1,1),(2147,'WordSendMessage','2025-11-27 11:16:35','2025-11-27 11:16:33',25315,1,1),(2148,'WordValidationMessage','2025-11-27 11:15:46','2025-11-27 11:16:34',25364,1,1),(2149,'WordSendMessage','2025-11-27 11:16:36','2025-11-27 11:16:35',25089,1,1),(2150,'WordValidationMessage','2025-11-27 11:16:38','2025-11-27 11:16:35',25352,1,1),(2151,'WordSendMessage','2025-11-27 11:15:48','2025-11-27 11:16:36',25364,1,1),(2152,'WordValidationMessage','2025-11-27 11:17:42','2025-11-27 11:16:37',25121,1,1),(2153,'WordSendMessage','2025-11-27 11:16:39','2025-11-27 11:16:38',25315,1,1),(2154,'WordValidationMessage','2025-11-27 11:15:37','2025-11-27 11:16:38',25270,1,1),(2155,'WordValidationMessage','2025-11-27 11:15:39','2025-11-27 11:16:39',25270,1,1),(2156,'WordValidationMessage','2025-11-27 11:17:44','2025-11-27 11:16:39',25121,1,1),(2157,'WordValidationMessage','2025-11-27 11:18:58','2025-11-27 11:16:41',25370,1,1),(2158,'PowerUpMessage','2025-11-27 11:16:42','2025-11-27 11:16:41',25218,1,1),(2159,'WordValidationMessage','2025-11-27 11:17:46','2025-11-27 11:16:41',25121,1,1),(2160,'TimeStatsMessage','2025-11-27 11:16:42','2025-11-27 11:16:42',25098,1,1),(2161,'WordSendMessage','2025-11-27 11:16:42','2025-11-27 11:16:42',25098,1,1),(2162,'WordValidationMessage','2025-11-27 11:17:49','2025-11-27 11:16:44',25121,1,1),(2163,'WordValidationMessage','2025-11-27 11:16:44','2025-11-27 11:16:44',25123,1,1),(2164,'TimeStatsMessage','2025-11-27 11:16:44','2025-11-27 11:16:45',25244,1,1),(2165,'CaseSelectedMessage','2025-11-27 11:16:44','2025-11-27 11:16:45',25244,1,1),(2166,'WordValidationMessage','2025-11-27 11:17:52','2025-11-27 11:16:47',25121,1,1),(2167,'WordValidationMessage','2025-11-27 11:15:58','2025-11-27 11:16:47',25364,1,1),(2168,'WordSendMessage','2025-11-27 11:16:47','2025-11-27 11:16:47',25123,1,1),(2169,'WordSendMessage','2025-11-27 11:16:00','2025-11-27 11:16:48',25364,1,1),(2170,'WordValidationMessage','2025-11-27 11:15:49','2025-11-27 11:16:49',25270,1,1),(2171,'WordValidationMessage','2025-11-27 11:16:53','2025-11-27 11:16:50',25352,1,1),(2172,'WordValidationMessage','2025-11-27 11:16:51','2025-11-27 11:16:50',25218,1,1),(2173,'WordValidationMessage','2025-11-27 11:15:51','2025-11-27 11:16:51',25270,1,1),(2174,'WordSendMessage','2025-11-27 11:16:51','2025-11-27 11:16:52',25244,1,1),(2175,'WordValidationMessage','2025-11-27 11:15:49','2025-11-27 11:16:53',25039,1,1),(2176,'WordSendMessage','2025-11-27 11:16:52','2025-11-27 11:16:53',25244,1,1),(2177,'WordSendMessage','2025-11-27 11:16:56','2025-11-27 11:16:53',25352,1,1),(2178,'WordSendMessage','2025-11-27 11:19:13','2025-11-27 11:16:56',25370,1,1),(2179,'PowerUpMessage','2025-11-27 11:16:08','2025-11-27 11:16:56',25364,1,1),(2180,'WordSendMessage','2025-11-27 11:16:56','2025-11-27 11:16:56',25244,1,1),(2181,'WordValidationMessage','2025-11-27 11:15:56','2025-11-27 11:16:57',25270,1,1),(2182,'WordSendMessage','2025-11-27 11:16:57','2025-11-27 11:16:57',25123,1,1),(2183,'WordSendMessage','2025-11-27 11:15:53','2025-11-27 11:16:57',25039,1,1),(2184,'WordValidationMessage','2025-11-27 11:16:09','2025-11-27 11:16:57',25364,1,1),(2185,'WordValidationMessage','2025-11-27 11:16:10','2025-11-27 11:16:58',25364,1,1),(2186,'WordValidationMessage','2025-11-27 11:16:11','2025-11-27 11:16:59',25364,1,1),(2187,'WordValidationMessage','2025-11-27 11:18:04','2025-11-27 11:16:59',25121,1,1),(2188,'WordValidationMessage','2025-11-27 11:16:12','2025-11-27 11:17:00',25364,1,1),(2189,'PowerUpMessage','2025-11-27 11:17:03','2025-11-27 11:17:00',25352,1,1),(2190,'WordValidationMessage','2025-11-27 11:18:06','2025-11-27 11:17:01',25121,1,1),(2191,'WordValidationMessage','2025-11-27 11:17:01','2025-11-27 11:17:01',25123,1,1),(2192,'WordValidationMessage','2025-11-27 11:16:13','2025-11-27 11:17:02',25364,1,1),(2193,'PowerUpMessage','2025-11-27 11:18:03','2025-11-27 11:17:02',25120,1,1),(2194,'WordValidationMessage','2025-11-27 11:17:03','2025-11-27 11:17:02',25218,1,1),(2195,'WordValidationMessage','2025-11-27 11:17:05','2025-11-27 11:17:03',25352,1,1),(2196,'WordValidationMessage','2025-11-27 11:16:15','2025-11-27 11:17:03',25364,1,1),(2197,'WordSendMessage','2025-11-27 11:17:05','2025-11-27 11:17:03',25315,1,1),(2198,'PowerUpMessage','2025-11-27 11:17:04','2025-11-27 11:17:04',25123,1,1),(2199,'WordSendMessage','2025-11-27 11:17:07','2025-11-27 11:17:04',25352,1,1),(2200,'WordSendMessage','2025-11-27 11:18:09','2025-11-27 11:17:04',25121,1,1),(2201,'TimeStatsMessage','2025-11-27 11:17:05','2025-11-27 11:17:05',25098,1,1),(2202,'CaseSelectedMessage','2025-11-27 11:17:05','2025-11-27 11:17:05',25098,1,1),(2203,'PowerUpMessage','2025-11-27 11:17:06','2025-11-27 11:17:05',25218,1,1),(2204,'WordValidationMessage','2025-11-27 11:18:09','2025-11-27 11:17:08',25120,1,1),(2205,'WordSendMessage','2025-11-27 11:17:08','2025-11-27 11:17:09',25244,1,1),(2206,'WordValidationMessage','2025-11-27 11:17:10','2025-11-27 11:17:09',25218,1,1),(2207,'PlayGameMessage','2025-11-27 11:17:09','2025-11-27 11:17:10',25146,1,1),(2208,'TimeStatsMessage','2025-11-27 11:17:09','2025-11-27 11:17:10',25146,1,1),(2209,'WordSendMessage','2025-11-27 11:18:12','2025-11-27 11:17:11',25120,1,1),(2210,'WordSendMessage','2025-11-27 11:17:14','2025-11-27 11:17:11',25352,1,1),(2211,'WordSendMessage','2025-11-27 11:16:23','2025-11-27 11:17:11',25364,1,1),(2212,'CaseDetailsMessage','2025-11-27 11:17:11','2025-11-27 11:17:12',25098,1,1),(2213,'WordSendMessage','2025-11-27 11:17:15','2025-11-27 11:17:13',25315,1,1),(2214,'WordSendMessage','2025-11-27 11:17:13','2025-11-27 11:17:13',25244,1,1),(2215,'PowerUpMessage','2025-11-27 11:16:26','2025-11-27 11:17:14',25364,1,1),(2216,'WordValidationMessage','2025-11-27 11:16:11','2025-11-27 11:17:15',25039,1,1),(2217,'WordSendMessage','2025-11-27 11:17:14','2025-11-27 11:17:15',25244,1,1),(2218,'WordSendMessage','2025-11-27 11:17:19','2025-11-27 11:17:16',25352,1,1),(2219,'WordValidationMessage','2025-11-27 11:16:29','2025-11-27 11:17:17',25364,1,1),(2220,'WordSendMessage','2025-11-27 11:17:16','2025-11-27 11:17:17',25244,1,1),(2221,'WordSendMessage','2025-11-27 11:17:19','2025-11-27 11:17:17',25089,1,1),(2222,'WordValidationMessage','2025-11-27 11:16:29','2025-11-27 11:17:18',25364,1,1),(2223,'WordSendMessage','2025-11-27 11:16:15','2025-11-27 11:17:19',25039,1,1),(2224,'WordSendMessage','2025-11-27 11:18:25','2025-11-27 11:17:20',25121,1,1),(2225,'WordSendMessage','2025-11-27 11:17:20','2025-11-27 11:17:20',25123,1,1),(2226,'PowerUpMessage','2025-11-27 11:16:32','2025-11-27 11:17:20',25364,1,1),(2227,'WordValidationMessage','2025-11-27 11:17:23','2025-11-27 11:17:22',25218,1,1),(2228,'WordValidationMessage','2025-11-27 11:16:34','2025-11-27 11:17:22',25364,1,1),(2229,'WordValidationMessage','2025-11-27 11:16:35','2025-11-27 11:17:23',25364,1,1),(2230,'WordSendMessage','2025-11-27 11:17:26','2025-11-27 11:17:23',25352,1,1),(2231,'WordSendMessage','2025-11-27 11:17:23','2025-11-27 11:17:23',25123,1,1),(2232,'WordSendMessage','2025-11-27 11:17:25','2025-11-27 11:17:24',25089,1,1),(2233,'PowerUpMessage','2025-11-27 11:17:25','2025-11-27 11:17:24',25218,1,1),(2234,'WordValidationMessage','2025-11-27 11:16:35','2025-11-27 11:17:24',25364,1,1),(2235,'WordValidationMessage','2025-11-27 11:16:24','2025-11-27 11:17:24',25270,1,1),(2236,'WordSendMessage','2025-11-27 11:17:23','2025-11-27 11:17:24',25244,1,1),(2237,'PowerUpMessage','2025-11-27 11:16:21','2025-11-27 11:17:24',25039,1,1),(2238,'WordSendMessage','2025-11-27 11:19:42','2025-11-27 11:17:25',25370,1,1),(2239,'WordValidationMessage','2025-11-27 11:16:37','2025-11-27 11:17:25',25364,1,1),(2240,'WordValidationMessage','2025-11-27 11:16:23','2025-11-27 11:17:27',25039,1,1),(2241,'WordValidationMessage','2025-11-27 11:16:38','2025-11-27 11:17:27',25364,1,1),(2242,'WordValidationMessage','2025-11-27 11:16:39','2025-11-27 11:17:27',25364,1,1),(2243,'WordSendMessage','2025-11-27 11:17:27','2025-11-27 11:17:28',25244,1,1),(2244,'PowerUpMessage','2025-11-27 11:16:24','2025-11-27 11:17:28',25039,1,1),(2245,'WordValidationMessage','2025-11-27 11:17:29','2025-11-27 11:17:28',25218,1,1),(2246,'WordSendMessage','2025-11-27 11:18:33','2025-11-27 11:17:28',25121,1,1),(2247,'GameModeMessage','2025-11-27 11:17:27','2025-11-27 11:17:28',25146,1,1),(2248,'WordValidationMessage','2025-11-27 11:16:40','2025-11-27 11:17:28',25364,1,1),(2249,'WordValidationMessage','2025-11-27 11:16:41','2025-11-27 11:17:29',25364,1,1),(2250,'WordSendMessage','2025-11-27 11:17:31','2025-11-27 11:17:29',25315,1,1),(2251,'WordValidationMessage','2025-11-27 11:16:41','2025-11-27 11:17:30',25364,1,1),(2252,'WordSendMessage','2025-11-27 11:17:29','2025-11-27 11:17:30',25244,1,1),(2253,'WordValidationMessage','2025-11-27 11:16:26','2025-11-27 11:17:30',25039,1,1),(2254,'PowerUpMessage','2025-11-27 11:18:35','2025-11-27 11:17:30',25121,1,1),(2255,'WordValidationMessage','2025-11-27 11:16:42','2025-11-27 11:17:31',25364,1,1),(2256,'WordValidationMessage','2025-11-27 11:17:31','2025-11-27 11:17:31',25123,1,1),(2257,'WordSendMessage','2025-11-27 11:17:34','2025-11-27 11:17:31',25352,1,1),(2258,'WordValidationMessage','2025-11-27 11:16:28','2025-11-27 11:17:32',25039,1,1),(2259,'WordValidationMessage','2025-11-27 11:17:32','2025-11-27 11:17:32',25098,1,1),(2260,'WordValidationMessage','2025-11-27 11:18:38','2025-11-27 11:17:33',25121,1,1),(2261,'WordSendMessage','2025-11-27 11:16:45','2025-11-27 11:17:33',25364,1,1),(2262,'WordSendMessage','2025-11-27 11:17:33','2025-11-27 11:17:34',25244,1,1),(2263,'WordValidationMessage','2025-11-27 11:17:34','2025-11-27 11:17:34',25123,1,1),(2264,'WordValidationMessage','2025-11-27 11:17:35','2025-11-27 11:17:35',25098,1,1),(2265,'WordSendMessage','2025-11-27 11:17:35','2025-11-27 11:17:35',25244,1,1),(2266,'CaseSelectedMessage','2025-11-27 11:17:34','2025-11-27 11:17:36',25146,1,1),(2267,'TimeStatsMessage','2025-11-27 11:17:34','2025-11-27 11:17:36',25146,1,1),(2268,'WordSendMessage','2025-11-27 11:18:41','2025-11-27 11:17:36',25121,1,1),(2269,'WordValidationMessage','2025-11-27 11:19:54','2025-11-27 11:17:37',25370,1,1),(2270,'PowerUpMessage','2025-11-27 11:16:50','2025-11-27 11:17:38',25364,1,1),(2271,'WordValidationMessage','2025-11-27 11:17:38','2025-11-27 11:17:38',25098,1,1),(2272,'WordSendMessage','2025-11-27 11:17:40','2025-11-27 11:17:38',25315,1,1),(2273,'WordValidationMessage','2025-11-27 11:17:41','2025-11-27 11:17:39',25352,1,1),(2274,'TimeStatsMessage','2025-11-27 11:16:35','2025-11-27 11:17:39',25039,1,1),(2275,'WordSendMessage','2025-11-27 11:16:35','2025-11-27 11:17:39',25039,1,1),(2276,'PowerUpMessage','2025-11-27 11:17:39','2025-11-27 11:17:39',25123,1,1),(2277,'TimeStatsMessage','2025-11-27 11:17:40','2025-11-27 11:17:39',25218,1,1),(2278,'WordSendMessage','2025-11-27 11:17:40','2025-11-27 11:17:39',25218,1,1),(2279,'WordValidationMessage','2025-11-27 11:16:52','2025-11-27 11:17:40',25364,1,1),(2280,'PowerUpMessage','2025-11-27 11:18:41','2025-11-27 11:17:40',25120,1,1),(2281,'WordValidationMessage','2025-11-27 11:17:40','2025-11-27 11:17:41',25098,1,1),(2282,'WordValidationMessage','2025-11-27 11:16:53','2025-11-27 11:17:42',25364,1,1),(2283,'WordSendMessage','2025-11-27 11:20:00','2025-11-27 11:17:43',25370,1,1),(2284,'WordValidationMessage','2025-11-27 11:16:54','2025-11-27 11:17:43',25364,1,1),(2285,'WordSendMessage','2025-11-27 11:17:42','2025-11-27 11:17:43',25146,1,1),(2286,'WordValidationMessage','2025-11-27 11:16:55','2025-11-27 11:17:44',25364,1,1),(2287,'WordValidationMessage','2025-11-27 11:16:56','2025-11-27 11:17:44',25364,1,1),(2288,'WordSendMessage','2025-11-27 11:17:46','2025-11-27 11:17:44',25315,1,1),(2289,'WordValidationMessage','2025-11-27 11:17:44','2025-11-27 11:17:45',25244,1,1),(2290,'WordValidationMessage','2025-11-27 11:16:57','2025-11-27 11:17:45',25364,1,1),(2291,'WordValidationMessage','2025-11-27 11:18:47','2025-11-27 11:17:46',25120,1,1),(2292,'WordValidationMessage','2025-11-27 11:16:58','2025-11-27 11:17:46',25364,1,1),(2293,'WordValidationMessage','2025-11-27 11:17:46','2025-11-27 11:17:46',25123,1,1),(2294,'WordValidationMessage','2025-11-27 11:16:59','2025-11-27 11:17:47',25364,1,1),(2295,'WordValidationMessage','2025-11-27 11:17:46','2025-11-27 11:17:47',25244,1,1),(2296,'WordValidationMessage','2025-11-27 11:17:00','2025-11-27 11:17:48',25364,1,1),(2297,'CaseDetailsMessage','2025-11-27 11:17:51','2025-11-27 11:17:49',25352,1,1),(2298,'PowerUpMessage','2025-11-27 11:17:49','2025-11-27 11:17:49',25098,1,1),(2299,'WordValidationMessage','2025-11-27 11:17:49','2025-11-27 11:17:49',25123,1,1),(2300,'WordValidationMessage','2025-11-27 11:17:01','2025-11-27 11:17:49',25364,1,1),(2301,'WordSendMessage','2025-11-27 11:18:55','2025-11-27 11:17:50',25121,1,1),(2302,'WordValidationMessage','2025-11-27 11:17:02','2025-11-27 11:17:50',25364,1,1),(2303,'WordSendMessage','2025-11-27 11:17:52','2025-11-27 11:17:50',25315,1,1),(2304,'WordValidationMessage','2025-11-27 11:17:51','2025-11-27 11:17:51',25098,1,1),(2305,'WordSendMessage','2025-11-27 11:18:52','2025-11-27 11:17:51',25120,1,1),(2306,'WordValidationMessage','2025-11-27 11:17:03','2025-11-27 11:17:51',25364,1,1),(2307,'WordValidationMessage','2025-11-27 11:17:51','2025-11-27 11:17:52',25244,1,1),(2308,'WordValidationMessage','2025-11-27 11:17:04','2025-11-27 11:17:52',25364,1,1),(2309,'WordValidationMessage','2025-11-27 11:17:05','2025-11-27 11:17:54',25364,1,1),(2310,'WordValidationMessage','2025-11-27 11:17:54','2025-11-27 11:17:54',25098,1,1),(2311,'WordSendMessage','2025-11-27 11:17:56','2025-11-27 11:17:54',25315,1,1),(2312,'WordSendMessage','2025-11-27 11:19:00','2025-11-27 11:17:55',25121,1,1),(2313,'WordValidationMessage','2025-11-27 11:17:07','2025-11-27 11:17:55',25364,1,1),(2314,'WordValidationMessage','2025-11-27 11:17:08','2025-11-27 11:17:57',25364,1,1),(2315,'WordValidationMessage','2025-11-27 11:19:03','2025-11-27 11:17:58',25121,1,1),(2316,'WordValidationMessage','2025-11-27 11:17:10','2025-11-27 11:17:58',25364,1,1),(2317,'TimeStatsMessage','2025-11-27 11:18:01','2025-11-27 11:17:59',25352,1,1),(2318,'WordSendMessage','2025-11-27 11:18:01','2025-11-27 11:17:59',25352,1,1),(2319,'WordValidationMessage','2025-11-27 11:17:11','2025-11-27 11:18:00',25364,1,1),(2320,'WordSendMessage','2025-11-27 11:18:02','2025-11-27 11:18:00',25315,1,1),(2321,'WordValidationMessage','2025-11-27 11:19:06','2025-11-27 11:18:01',25121,1,1),(2322,'WordValidationMessage','2025-11-27 11:17:13','2025-11-27 11:18:01',25364,1,1),(2323,'WordValidationMessage','2025-11-27 11:18:01','2025-11-27 11:18:02',25146,1,1),(2324,'WordValidationMessage','2025-11-27 11:18:02','2025-11-27 11:18:02',25244,1,1),(2325,'CaseDetailsMessage','2025-11-27 11:17:02','2025-11-27 11:18:02',25270,1,1),(2326,'WordSendMessage','2025-11-27 11:19:05','2025-11-27 11:18:04',25120,1,1),(2327,'TimeStatsMessage','2025-11-27 11:18:07','2025-11-27 11:18:04',25352,1,1),(2328,'CaseSelectedMessage','2025-11-27 11:18:07','2025-11-27 11:18:04',25352,1,1),(2329,'WordSendMessage','2025-11-27 11:18:06','2025-11-27 11:18:04',25315,1,1),(2330,'WordValidationMessage','2025-11-27 11:19:10','2025-11-27 11:18:05',25121,1,1),(2331,'WordSendMessage','2025-11-27 11:18:05','2025-11-27 11:18:05',25098,1,1),(2332,'WordSendMessage','2025-11-27 11:17:18','2025-11-27 11:18:06',25364,1,1),(2333,'WordValidationMessage','2025-11-27 11:18:06','2025-11-27 11:18:07',25244,1,1),(2334,'TimeStatsMessage','2025-11-27 11:17:04','2025-11-27 11:18:07',25039,1,1),(2335,'CaseSelectedMessage','2025-11-27 11:17:04','2025-11-27 11:18:07',25039,1,1),(2336,'WordSendMessage','2025-11-27 11:18:08','2025-11-27 11:18:08',25123,1,1),(2337,'WordValidationMessage','2025-11-27 11:19:13','2025-11-27 11:18:08',25121,1,1),(2338,'WordSendMessage','2025-11-27 11:18:11','2025-11-27 11:18:11',25098,1,1),(2339,'WordValidationMessage','2025-11-27 11:18:11','2025-11-27 11:18:12',25244,1,1),(2340,'WordSendMessage','2025-11-27 11:18:14','2025-11-27 11:18:12',25315,1,1),(2341,'WordValidationMessage','2025-11-27 11:19:19','2025-11-27 11:18:14',25121,1,1),(2342,'WordSendMessage','2025-11-27 11:18:14','2025-11-27 11:18:14',25123,1,1),(2343,'TimeStatsMessage','2025-11-27 11:18:13','2025-11-27 11:18:14',25244,1,1),(2344,'WordSendMessage','2025-11-27 11:18:13','2025-11-27 11:18:14',25244,1,1),(2345,'WordSendMessage','2025-11-27 11:18:17','2025-11-27 11:18:15',25352,1,1),(2346,'WordSendMessage','2025-11-27 11:18:15','2025-11-27 11:18:15',25098,1,1),(2347,'TimeStatsMessage','2025-11-27 11:18:15','2025-11-27 11:18:15',25244,1,1),(2348,'WordValidationMessage','2025-11-27 11:19:20','2025-11-27 11:18:15',25121,1,1),(2349,'TimeStatsMessage','2025-11-27 11:18:15','2025-11-27 11:18:15',25244,1,1),(2350,'TimeStatsMessage','2025-11-27 11:18:15','2025-11-27 11:18:15',25244,1,1),(2351,'WordSendMessage','2025-11-27 11:17:27','2025-11-27 11:18:15',25364,1,1),(2352,'WordValidationMessage','2025-11-27 11:18:14','2025-11-27 11:18:16',25146,1,1),(2353,'WordSendMessage','2025-11-27 11:18:18','2025-11-27 11:18:16',25315,1,1),(2354,'WordSendMessage','2025-11-27 11:18:20','2025-11-27 11:18:19',25089,1,1),(2355,'TimeStatsMessage','2025-11-27 11:18:18','2025-11-27 11:18:19',25244,1,1),(2356,'TimeStatsMessage','2025-11-27 11:18:19','2025-11-27 11:18:20',25244,1,1),(2357,'WordSendMessage','2025-11-27 11:18:20','2025-11-27 11:18:20',25098,1,1),(2358,'CaseDetailsMessage','2025-11-27 11:18:19','2025-11-27 11:18:20',25146,1,1),(2359,'WordSendMessage','2025-11-27 11:18:24','2025-11-27 11:18:21',25352,1,1),(2360,'WordSendMessage','2025-11-27 11:18:21','2025-11-27 11:18:21',25123,1,1),(2361,'WordValidationMessage','2025-11-27 11:17:21','2025-11-27 11:18:22',25270,1,1),(2362,'WordValidationMessage','2025-11-27 11:18:25','2025-11-27 11:18:22',25352,1,1),(2363,'WordSendMessage','2025-11-27 11:18:26','2025-11-27 11:18:24',25315,1,1),(2364,'WordValidationMessage','2025-11-27 11:18:27','2025-11-27 11:18:25',25352,1,1),(2365,'TimeStatsMessage','2025-11-27 11:19:27','2025-11-27 11:18:26',25120,1,1),(2366,'WordSendMessage','2025-11-27 11:19:27','2025-11-27 11:18:26',25120,1,1),(2367,'WordSendMessage','2025-11-27 11:18:30','2025-11-27 11:18:27',25352,1,1),(2368,'WordSendMessage','2025-11-27 11:18:28','2025-11-27 11:18:28',25098,1,1),(2369,'WordSendMessage','2025-11-27 11:18:31','2025-11-27 11:18:29',25315,1,1),(2370,'WordSendMessage','2025-11-27 11:20:48','2025-11-27 11:18:31',25370,1,1),(2371,'WordSendMessage','2025-11-27 11:18:30','2025-11-27 11:18:31',25146,1,1),(2372,'WordSendMessage','2025-11-27 11:19:37','2025-11-27 11:18:32',25121,1,1),(2373,'WordSendMessage','2025-11-27 11:17:44','2025-11-27 11:18:32',25364,1,1),(2374,'WordSendMessage','2025-11-27 11:18:36','2025-11-27 11:18:33',25352,1,1),(2375,'WordSendMessage','2025-11-27 11:18:36','2025-11-27 11:18:36',25123,1,1),(2376,'WordValidationMessage','2025-11-27 11:18:39','2025-11-27 11:18:36',25352,1,1),(2377,'TimeStatsMessage','2025-11-27 11:20:54','2025-11-27 11:18:37',25370,1,1),(2378,'WordSendMessage','2025-11-27 11:20:54','2025-11-27 11:18:37',25370,1,1),(2379,'WordValidationMessage','2025-11-27 11:17:33','2025-11-27 11:18:37',25039,1,1),(2380,'WordSendMessage','2025-11-27 11:17:49','2025-11-27 11:18:37',25364,1,1),(2381,'WordValidationMessage','2025-11-27 11:18:36','2025-11-27 11:18:37',25146,1,1),(2382,'CaseDetailsMessage','2025-11-27 11:17:35','2025-11-27 11:18:39',25039,1,1),(2383,'WordSendMessage','2025-11-27 11:18:41','2025-11-27 11:18:41',25123,1,1),(2384,'WordSendMessage','2025-11-27 11:19:46','2025-11-27 11:18:41',25121,1,1),(2385,'WordSendMessage','2025-11-27 11:18:44','2025-11-27 11:18:41',25352,1,1),(2386,'TimeStatsMessage','2025-11-27 11:19:42','2025-11-27 11:18:42',25120,1,1),(2387,'CaseSelectedMessage','2025-11-27 11:19:42','2025-11-27 11:18:42',25120,1,1),(2388,'WordValidationMessage','2025-11-27 11:18:40','2025-11-27 11:18:42',25146,1,1),(2389,'WordSendMessage','2025-11-27 11:18:44','2025-11-27 11:18:42',25315,1,1),(2390,'WordSendMessage','2025-11-27 11:17:55','2025-11-27 11:18:44',25364,1,1),(2391,'WordValidationMessage','2025-11-27 11:18:43','2025-11-27 11:18:44',25146,1,1),(2392,'WordValidationMessage','2025-11-27 11:18:45','2025-11-27 11:18:46',25098,1,1),(2393,'WordSendMessage','2025-11-27 11:19:51','2025-11-27 11:18:46',25121,1,1),(2394,'WordValidationMessage','2025-11-27 11:18:47','2025-11-27 11:18:47',25098,1,1),(2395,'WordSendMessage','2025-11-27 11:18:49','2025-11-27 11:18:47',25352,1,1),(2396,'CaseSelectedMessage','2025-11-27 11:21:05','2025-11-27 11:18:48',25370,1,1),(2397,'TimeStatsMessage','2025-11-27 11:21:05','2025-11-27 11:18:48',25370,1,1),(2398,'WordSendMessage','2025-11-27 11:18:50','2025-11-27 11:18:49',25315,1,1),(2399,'WordValidationMessage','2025-11-27 11:19:55','2025-11-27 11:18:50',25121,1,1),(2400,'CaseSelectedMessage','2025-11-27 11:17:46','2025-11-27 11:18:50',25039,1,1),(2401,'TimeStatsMessage','2025-11-27 11:17:46','2025-11-27 11:18:50',25039,1,1),(2402,'WordValidationMessage','2025-11-27 11:19:55','2025-11-27 11:18:51',25121,1,1),(2403,'WordValidationMessage','2025-11-27 11:18:50','2025-11-27 11:18:51',25098,1,1),(2404,'WordSendMessage','2025-11-27 11:17:51','2025-11-27 11:18:51',25270,1,1),(2405,'WordValidationMessage','2025-11-27 11:19:57','2025-11-27 11:18:52',25121,1,1),(2406,'WordValidationMessage','2025-11-27 11:19:58','2025-11-27 11:18:53',25121,1,1),(2407,'PowerUpMessage','2025-11-27 11:18:53','2025-11-27 11:18:53',25123,1,1),(2408,'WordSendMessage','2025-11-27 11:18:06','2025-11-27 11:18:54',25364,1,1),(2409,'WordValidationMessage','2025-11-27 11:20:00','2025-11-27 11:18:55',25121,1,1),(2410,'WordSendMessage','2025-11-27 11:19:56','2025-11-27 11:18:55',25120,1,1),(2411,'WordValidationMessage','2025-11-27 11:17:53','2025-11-27 11:18:56',25039,1,1),(2412,'TimeStatsMessage','2025-11-27 11:18:56','2025-11-27 11:18:57',25098,1,1),(2413,'WordSendMessage','2025-11-27 11:18:56','2025-11-27 11:18:57',25098,1,1),(2414,'WordValidationMessage','2025-11-27 11:17:54','2025-11-27 11:18:58',25039,1,1),(2415,'WordValidationMessage','2025-11-27 11:17:55','2025-11-27 11:18:59',25039,1,1),(2416,'WordValidationMessage','2025-11-27 11:17:59','2025-11-27 11:18:59',25270,1,1),(2417,'CaseDetailsMessage','2025-11-27 11:19:01','2025-11-27 11:18:59',25089,1,1),(2418,'CaseDetailsMessage','2025-11-27 11:19:01','2025-11-27 11:18:59',25315,1,1),(2419,'WordValidationMessage','2025-11-27 11:19:02','2025-11-27 11:18:59',25352,1,1),(2420,'TimeStatsMessage','2025-11-27 11:18:59','2025-11-27 11:19:00',25123,1,1),(2421,'WordSendMessage','2025-11-27 11:18:59','2025-11-27 11:19:00',25123,1,1),(2422,'WordValidationMessage','2025-11-27 11:18:59','2025-11-27 11:19:00',25146,1,1),(2423,'WordValidationMessage','2025-11-27 11:20:05','2025-11-27 11:19:00',25121,1,1),(2424,'WordValidationMessage','2025-11-27 11:20:02','2025-11-27 11:19:01',25120,1,1),(2425,'WordValidationMessage','2025-11-27 11:18:01','2025-11-27 11:19:01',25270,1,1),(2426,'WordValidationMessage','2025-11-27 11:19:05','2025-11-27 11:19:03',25352,1,1),(2427,'WordSendMessage','2025-11-27 11:20:04','2025-11-27 11:19:03',25120,1,1),(2428,'WordValidationMessage','2025-11-27 11:18:15','2025-11-27 11:19:04',25364,1,1),(2429,'WordValidationMessage','2025-11-27 11:20:10','2025-11-27 11:19:05',25121,1,1),(2430,'WordValidationMessage','2025-11-27 11:18:17','2025-11-27 11:19:06',25364,1,1),(2431,'WordValidationMessage','2025-11-27 11:20:14','2025-11-27 11:19:09',25121,1,1),(2432,'CaseDetailsMessage','2025-11-27 11:19:08','2025-11-27 11:19:09',25146,1,1),(2433,'WordValidationMessage','2025-11-27 11:20:11','2025-11-27 11:19:10',25120,1,1),(2434,'WordSendMessage','2025-11-27 11:18:12','2025-11-27 11:19:12',25270,1,1),(2435,'WordValidationMessage','2025-11-27 11:20:14','2025-11-27 11:19:13',25120,1,1),(2436,'WordSendMessage','2025-11-27 11:18:25','2025-11-27 11:19:13',25364,1,1),(2437,'WordValidationMessage','2025-11-27 11:20:19','2025-11-27 11:19:14',25121,1,1),(2438,'WordValidationMessage','2025-11-27 11:18:11','2025-11-27 11:19:15',25039,1,1),(2439,'CaseSelectedMessage','2025-11-27 11:19:15','2025-11-27 11:19:15',25098,1,1),(2440,'TimeStatsMessage','2025-11-27 11:19:15','2025-11-27 11:19:15',25098,1,1),(2441,'WordValidationMessage','2025-11-27 11:19:19','2025-11-27 11:19:16',25352,1,1),(2442,'TimeStatsMessage','2025-11-27 11:19:19','2025-11-27 11:19:18',25089,1,1),(2443,'WordSendMessage','2025-11-27 11:19:19','2025-11-27 11:19:18',25089,1,1),(2444,'WordValidationMessage','2025-11-27 11:20:19','2025-11-27 11:19:18',25120,1,1),(2445,'TimeStatsMessage','2025-11-27 11:19:21','2025-11-27 11:19:20',25315,1,1),(2446,'WordSendMessage','2025-11-27 11:19:21','2025-11-27 11:19:20',25315,1,1),(2447,'WordValidationMessage','2025-11-27 11:20:27','2025-11-27 11:19:22',25121,1,1),(2448,'WordValidationMessage','2025-11-27 11:19:25','2025-11-27 11:19:23',25352,1,1),(2449,'WordValidationMessage','2025-11-27 11:18:19','2025-11-27 11:19:23',25039,1,1),(2450,'WordValidationMessage','2025-11-27 11:20:29','2025-11-27 11:19:24',25121,1,1),(2451,'PowerUpMessage','2025-11-27 11:18:21','2025-11-27 11:19:24',25039,1,1),(2452,'WordValidationMessage','2025-11-27 11:21:43','2025-11-27 11:19:26',25370,1,1),(2453,'WordValidationMessage','2025-11-27 11:18:23','2025-11-27 11:19:26',25039,1,1),(2454,'WordValidationMessage','2025-11-27 11:20:27','2025-11-27 11:19:26',25120,1,1),(2455,'PowerUpMessage','2025-11-27 11:18:27','2025-11-27 11:19:28',25270,1,1),(2456,'WordValidationMessage','2025-11-27 11:20:30','2025-11-27 11:19:29',25120,1,1),(2457,'PowerUpMessage','2025-11-27 11:20:34','2025-11-27 11:19:29',25121,1,1),(2458,'WordValidationMessage','2025-11-27 11:21:48','2025-11-27 11:19:30',25370,1,1),(2459,'CaseSelectedMessage','2025-11-27 11:19:33','2025-11-27 11:19:32',25089,1,1),(2460,'TimeStatsMessage','2025-11-27 11:19:33','2025-11-27 11:19:32',25089,1,1),(2461,'WordValidationMessage','2025-11-27 11:18:32','2025-11-27 11:19:32',25270,1,1),(2462,'WordValidationMessage','2025-11-27 11:20:33','2025-11-27 11:19:33',25120,1,1),(2463,'WordSendMessage','2025-11-27 11:18:35','2025-11-27 11:19:35',25270,1,1),(2464,'WordValidationMessage','2025-11-27 11:21:53','2025-11-27 11:19:36',25370,1,1),(2465,'CaseSelectedMessage','2025-11-27 11:19:39','2025-11-27 11:19:37',25315,1,1),(2466,'TimeStatsMessage','2025-11-27 11:19:39','2025-11-27 11:19:37',25315,1,1),(2467,'WordSendMessage','2025-11-27 11:20:43','2025-11-27 11:19:38',25121,1,1),(2468,'WordValidationMessage','2025-11-27 11:21:57','2025-11-27 11:19:39',25370,1,1),(2469,'PowerUpMessage','2025-11-27 11:20:46','2025-11-27 11:19:41',25121,1,1),(2470,'WordSendMessage','2025-11-27 11:20:43','2025-11-27 11:19:42',25120,1,1),(2471,'PowerUpMessage','2025-11-27 11:19:45','2025-11-27 11:19:43',25352,1,1),(2472,'CaseSelectedMessage','2025-11-27 11:19:43','2025-11-27 11:19:43',25098,1,1),(2473,'TimeStatsMessage','2025-11-27 11:19:43','2025-11-27 11:19:43',25098,1,1),(2474,'WordSendMessage','2025-11-27 11:18:43','2025-11-27 11:19:43',25270,1,1),(2475,'WordValidationMessage','2025-11-27 11:22:01','2025-11-27 11:19:44',25370,1,1),(2476,'WordSendMessage','2025-11-27 11:18:43','2025-11-27 11:19:47',25039,1,1),(2477,'PowerUpMessage','2025-11-27 11:19:50','2025-11-27 11:19:48',25352,1,1),(2478,'WordValidationMessage','2025-11-27 11:19:52','2025-11-27 11:19:50',25352,1,1),(2479,'WordValidationMessage','2025-11-27 11:22:07','2025-11-27 11:19:50',25370,1,1),(2480,'WordSendMessage','2025-11-27 11:18:48','2025-11-27 11:19:52',25039,1,1),(2481,'WordValidationMessage','2025-11-27 11:20:54','2025-11-27 11:19:53',25120,1,1),(2482,'WordSendMessage','2025-11-27 11:20:58','2025-11-27 11:19:53',25121,1,1),(2483,'TimeStatsMessage','2025-11-27 11:19:59','2025-11-27 11:19:56',25352,1,1),(2484,'WordSendMessage','2025-11-27 11:19:59','2025-11-27 11:19:56',25352,1,1),(2485,'WordSendMessage','2025-11-27 11:18:54','2025-11-27 11:19:58',25039,1,1),(2486,'PowerUpMessage','2025-11-27 11:18:58','2025-11-27 11:19:58',25270,1,1),(2487,'WordSendMessage','2025-11-27 11:21:05','2025-11-27 11:20:00',25121,1,1),(2488,'CaseSelectedMessage','2025-11-27 11:20:00','2025-11-27 11:20:00',25098,1,1),(2489,'TimeStatsMessage','2025-11-27 11:20:00','2025-11-27 11:20:00',25098,1,1),(2490,'WordValidationMessage','2025-11-27 11:22:18','2025-11-27 11:20:00',25370,1,1),(2491,'PowerUpMessage','2025-11-27 11:18:57','2025-11-27 11:20:01',25039,1,1),(2492,'WordValidationMessage','2025-11-27 11:19:01','2025-11-27 11:20:01',25270,1,1),(2493,'WordValidationMessage','2025-11-27 11:22:19','2025-11-27 11:20:02',25370,1,1),(2494,'WordSendMessage','2025-11-27 11:21:08','2025-11-27 11:20:03',25121,1,1),(2495,'WordSendMessage','2025-11-27 11:19:15','2025-11-27 11:20:03',25364,1,1),(2496,'WordValidationMessage','2025-11-27 11:22:21','2025-11-27 11:20:04',25370,1,1),(2497,'WordValidationMessage','2025-11-27 11:21:05','2025-11-27 11:20:04',25120,1,1),(2498,'WordSendMessage','2025-11-27 11:19:04','2025-11-27 11:20:05',25270,1,1),(2499,'WordValidationMessage','2025-11-27 11:21:07','2025-11-27 11:20:06',25120,1,1),(2500,'WordValidationMessage','2025-11-27 11:19:03','2025-11-27 11:20:06',25039,1,1),(2501,'WordSendMessage','2025-11-27 11:21:11','2025-11-27 11:20:07',25121,1,1),(2502,'WordValidationMessage','2025-11-27 11:22:24','2025-11-27 11:20:07',25370,1,1),(2503,'WordValidationMessage','2025-11-27 11:22:28','2025-11-27 11:20:10',25370,1,1),(2504,'WordValidationMessage','2025-11-27 11:20:13','2025-11-27 11:20:11',25089,1,1),(2505,'WordSendMessage','2025-11-27 11:19:08','2025-11-27 11:20:11',25039,1,1),(2506,'WordSendMessage','2025-11-27 11:19:24','2025-11-27 11:20:12',25364,1,1),(2507,'WordValidationMessage','2025-11-27 11:21:13','2025-11-27 11:20:12',25120,1,1),(2508,'WordValidationMessage','2025-11-27 11:22:30','2025-11-27 11:20:13',25370,1,1),(2509,'WordSendMessage','2025-11-27 11:19:25','2025-11-27 11:20:14',25364,1,1),(2510,'WordValidationMessage','2025-11-27 11:20:14','2025-11-27 11:20:14',25098,1,1),(2511,'WordSendMessage','2025-11-27 11:19:12','2025-11-27 11:20:15',25039,1,1),(2512,'PowerUpMessage','2025-11-27 11:19:28','2025-11-27 11:20:16',25364,1,1),(2513,'WordValidationMessage','2025-11-27 11:20:19','2025-11-27 11:20:17',25089,1,1),(2514,'WordValidationMessage','2025-11-27 11:20:18','2025-11-27 11:20:18',25098,1,1),(2515,'WordSendMessage','2025-11-27 11:19:16','2025-11-27 11:20:19',25039,1,1),(2516,'CaseSelectedMessage','2025-11-27 11:20:18','2025-11-27 11:20:20',25146,1,1),(2517,'TimeStatsMessage','2025-11-27 11:20:18','2025-11-27 11:20:20',25146,1,1),(2518,'CaseDetailsMessage','2025-11-27 11:21:25','2025-11-27 11:20:20',25121,1,1),(2519,'WordValidationMessage','2025-11-27 11:20:21','2025-11-27 11:20:21',25098,1,1),(2520,'WordValidationMessage','2025-11-27 11:20:23','2025-11-27 11:20:21',25089,1,1),(2521,'WordValidationMessage','2025-11-27 11:20:22','2025-11-27 11:20:22',25098,1,1),(2522,'CaseSelectedMessage','2025-11-27 11:20:23','2025-11-27 11:20:23',25123,1,1),(2523,'TimeStatsMessage','2025-11-27 11:20:23','2025-11-27 11:20:23',25123,1,1),(2524,'PowerUpMessage','2025-11-27 11:19:35','2025-11-27 11:20:24',25364,1,1),(2525,'PowerUpMessage','2025-11-27 11:19:36','2025-11-27 11:20:24',25364,1,1),(2526,'WordValidationMessage','2025-11-27 11:20:24','2025-11-27 11:20:26',25146,1,1),(2527,'WordSendMessage','2025-11-27 11:21:31','2025-11-27 11:20:26',25121,1,1),(2528,'WordSendMessage','2025-11-27 11:22:44','2025-11-27 11:20:27',25370,1,1),(2529,'WordSendMessage','2025-11-27 11:19:39','2025-11-27 11:20:27',25364,1,1),(2530,'WordValidationMessage','2025-11-27 11:20:27','2025-11-27 11:20:28',25146,1,1),(2531,'TimeStatsMessage','2025-11-27 11:21:35','2025-11-27 11:20:30',25121,1,1),(2532,'WordSendMessage','2025-11-27 11:21:35','2025-11-27 11:20:30',25121,1,1),(2533,'WordValidationMessage','2025-11-27 11:20:29','2025-11-27 11:20:31',25146,1,1),(2534,'WordSendMessage','2025-11-27 11:19:30','2025-11-27 11:20:31',25270,1,1),(2535,'WordValidationMessage','2025-11-27 11:21:32','2025-11-27 11:20:31',25120,1,1),(2536,'TimeStatsMessage','2025-11-27 11:21:36','2025-11-27 11:20:31',25121,1,1),(2537,'TimeStatsMessage','2025-11-27 11:21:36','2025-11-27 11:20:31',25121,1,1),(2538,'WordSendMessage','2025-11-27 11:19:28','2025-11-27 11:20:31',25039,1,1),(2539,'WordValidationMessage','2025-11-27 11:20:34','2025-11-27 11:20:32',25315,1,1),(2540,'CaseDetailsMessage','2025-11-27 11:19:45','2025-11-27 11:20:33',25364,1,1),(2541,'WordValidationMessage','2025-11-27 11:20:35','2025-11-27 11:20:33',25089,1,1),(2542,'WordValidationMessage','2025-11-27 11:20:34','2025-11-27 11:20:35',25098,1,1),(2543,'WordSendMessage','2025-11-27 11:19:32','2025-11-27 11:20:36',25039,1,1),(2544,'PowerUpMessage','2025-11-27 11:21:37','2025-11-27 11:20:36',25120,1,1),(2545,'WordSendMessage','2025-11-27 11:20:37','2025-11-27 11:20:38',25146,1,1),(2546,'WordSendMessage','2025-11-27 11:20:41','2025-11-27 11:20:40',25315,1,1),(2547,'WordSendMessage','2025-11-27 11:19:36','2025-11-27 11:20:40',25039,1,1),(2548,'WordValidationMessage','2025-11-27 11:21:41','2025-11-27 11:20:40',25120,1,1),(2549,'WordSendMessage','2025-11-27 11:20:41','2025-11-27 11:20:41',25098,1,1),(2550,'WordValidationMessage','2025-11-27 11:20:44','2025-11-27 11:20:42',25089,1,1),(2551,'WordValidationMessage','2025-11-27 11:20:45','2025-11-27 11:20:45',25123,1,1),(2552,'WordSendMessage','2025-11-27 11:21:46','2025-11-27 11:20:45',25120,1,1),(2553,'WordValidationMessage','2025-11-27 11:20:47','2025-11-27 11:20:45',25315,1,1),(2554,'WordSendMessage','2025-11-27 11:19:45','2025-11-27 11:20:46',25270,1,1),(2555,'WordValidationMessage','2025-11-27 11:20:46','2025-11-27 11:20:46',25123,1,1),(2556,'WordSendMessage','2025-11-27 11:19:48','2025-11-27 11:20:48',25270,1,1),(2557,'WordSendMessage','2025-11-27 11:20:49','2025-11-27 11:20:49',25123,1,1),(2558,'WordSendMessage','2025-11-27 11:19:46','2025-11-27 11:20:50',25039,1,1),(2559,'WordSendMessage','2025-11-27 11:20:53','2025-11-27 11:20:51',25089,1,1),(2560,'WordSendMessage','2025-11-27 11:23:08','2025-11-27 11:20:51',25370,1,1),(2561,'WordValidationMessage','2025-11-27 11:20:54','2025-11-27 11:20:54',25123,1,1),(2562,'WordValidationMessage','2025-11-27 11:20:58','2025-11-27 11:20:56',25089,1,1),(2563,'WordSendMessage','2025-11-27 11:19:56','2025-11-27 11:20:56',25270,1,1),(2564,'WordSendMessage','2025-11-27 11:23:15','2025-11-27 11:20:57',25370,1,1),(2565,'WordValidationMessage','2025-11-27 11:21:02','2025-11-27 11:21:00',25089,1,1),(2566,'WordSendMessage','2025-11-27 11:20:13','2025-11-27 11:21:01',25364,1,1),(2567,'WordSendMessage','2025-11-27 11:19:58','2025-11-27 11:21:02',25039,1,1),(2568,'WordSendMessage','2025-11-27 11:21:02','2025-11-27 11:21:02',25098,1,1),(2569,'PowerUpMessage','2025-11-27 11:22:04','2025-11-27 11:21:03',25120,1,1),(2570,'PowerUpMessage','2025-11-27 11:20:05','2025-11-27 11:21:05',25270,1,1),(2571,'CaseDetailsMessage','2025-11-27 11:20:17','2025-11-27 11:21:06',25364,1,1),(2572,'WordValidationMessage','2025-11-27 11:22:07','2025-11-27 11:21:06',25120,1,1),(2573,'WordValidationMessage','2025-11-27 11:21:07','2025-11-27 11:21:07',25123,1,1),(2574,'WordValidationMessage','2025-11-27 11:23:24','2025-11-27 11:21:07',25370,1,1),(2575,'WordValidationMessage','2025-11-27 11:20:08','2025-11-27 11:21:08',25270,1,1),(2576,'WordSendMessage','2025-11-27 11:21:08','2025-11-27 11:21:09',25098,1,1),(2577,'WordValidationMessage','2025-11-27 11:21:11','2025-11-27 11:21:09',25315,1,1),(2578,'WordValidationMessage','2025-11-27 11:23:27','2025-11-27 11:21:09',25370,1,1),(2579,'WordSendMessage','2025-11-27 11:22:10','2025-11-27 11:21:09',25120,1,1),(2580,'WordSendMessage','2025-11-27 11:22:10','2025-11-27 11:21:10',25120,1,1),(2581,'WordSendMessage','2025-11-27 11:20:07','2025-11-27 11:21:11',25039,1,1),(2582,'WordValidationMessage','2025-11-27 11:23:28','2025-11-27 11:21:11',25370,1,1),(2583,'WordSendMessage','2025-11-27 11:20:11','2025-11-27 11:21:11',25270,1,1),(2584,'PowerUpMessage','2025-11-27 11:20:10','2025-11-27 11:21:14',25039,1,1),(2585,'WordSendMessage','2025-11-27 11:21:14','2025-11-27 11:21:14',25098,1,1),(2586,'WordValidationMessage','2025-11-27 11:23:32','2025-11-27 11:21:15',25370,1,1),(2587,'WordValidationMessage','2025-11-27 11:21:18','2025-11-27 11:21:16',25089,1,1),(2588,'WordValidationMessage','2025-11-27 11:20:14','2025-11-27 11:21:18',25039,1,1),(2589,'WordValidationMessage','2025-11-27 11:21:17','2025-11-27 11:21:18',25146,1,1),(2590,'WordValidationMessage','2025-11-27 11:23:36','2025-11-27 11:21:19',25370,1,1),(2591,'WordValidationMessage','2025-11-27 11:21:20','2025-11-27 11:21:20',25123,1,1),(2592,'WordSendMessage','2025-11-27 11:21:21','2025-11-27 11:21:21',25098,1,1),(2593,'WordSendMessage','2025-11-27 11:21:23','2025-11-27 11:21:21',25089,1,1),(2594,'WordValidationMessage','2025-11-27 11:21:24','2025-11-27 11:21:23',25315,1,1),(2595,'WordValidationMessage','2025-11-27 11:21:23','2025-11-27 11:21:23',25123,1,1),(2596,'WordValidationMessage','2025-11-27 11:21:22','2025-11-27 11:21:24',25146,1,1),(2597,'WordSendMessage','2025-11-27 11:20:20','2025-11-27 11:21:24',25039,1,1),(2598,'WordValidationMessage','2025-11-27 11:23:42','2025-11-27 11:21:25',25370,1,1),(2599,'WordValidationMessage','2025-11-27 11:21:25','2025-11-27 11:21:25',25123,1,1),(2600,'WordValidationMessage','2025-11-27 11:21:26','2025-11-27 11:21:26',25123,1,1),(2601,'WordSendMessage','2025-11-27 11:22:30','2025-11-27 11:21:29',25120,1,1),(2602,'WordSendMessage','2025-11-27 11:20:26','2025-11-27 11:21:29',25039,1,1),(2603,'WordSendMessage','2025-11-27 11:21:31','2025-11-27 11:21:29',25315,1,1),(2604,'WordSendMessage','2025-11-27 11:23:47','2025-11-27 11:21:29',25370,1,1),(2605,'WordValidationMessage','2025-11-27 11:21:30','2025-11-27 11:21:30',25123,1,1),(2606,'WordValidationMessage','2025-11-27 11:21:31','2025-11-27 11:21:32',25123,1,1),(2607,'WordSendMessage','2025-11-27 11:20:44','2025-11-27 11:21:32',25364,1,1),(2608,'WordValidationMessage','2025-11-27 11:21:34','2025-11-27 11:21:34',25123,1,1),(2609,'WordSendMessage','2025-11-27 11:21:36','2025-11-27 11:21:34',25089,1,1),(2610,'WordValidationMessage','2025-11-27 11:20:35','2025-11-27 11:21:35',25270,1,1),(2611,'WordValidationMessage','2025-11-27 11:21:35','2025-11-27 11:21:35',25123,1,1),(2612,'WordSendMessage','2025-11-27 11:20:33','2025-11-27 11:21:36',25039,1,1),(2613,'WordSendMessage','2025-11-27 11:22:37','2025-11-27 11:21:37',25120,1,1),(2614,'WordSendMessage','2025-11-27 11:21:39','2025-11-27 11:21:37',25315,1,1),(2615,'WordSendMessage','2025-11-27 11:21:38','2025-11-27 11:21:39',25098,1,1),(2616,'WordValidationMessage','2025-11-27 11:21:39','2025-11-27 11:21:39',25123,1,1),(2617,'PowerUpMessage','2025-11-27 11:23:56','2025-11-27 11:21:39',25370,1,1),(2618,'WordSendMessage','2025-11-27 11:21:41','2025-11-27 11:21:39',25315,1,1),(2619,'WordValidationMessage','2025-11-27 11:21:39','2025-11-27 11:21:40',25146,1,1),(2620,'WordSendMessage','2025-11-27 11:20:38','2025-11-27 11:21:42',25039,1,1),(2621,'WordValidationMessage','2025-11-27 11:24:00','2025-11-27 11:21:42',25370,1,1),(2622,'WordValidationMessage','2025-11-27 11:21:43','2025-11-27 11:21:43',25123,1,1),(2623,'WordValidationMessage','2025-11-27 11:20:43','2025-11-27 11:21:43',25270,1,1),(2624,'WordValidationMessage','2025-11-27 11:24:02','2025-11-27 11:21:45',25370,1,1),(2625,'WordSendMessage','2025-11-27 11:22:46','2025-11-27 11:21:45',25120,1,1),(2626,'WordValidationMessage','2025-11-27 11:21:46','2025-11-27 11:21:46',25123,1,1),(2627,'WordSendMessage','2025-11-27 11:24:05','2025-11-27 11:21:47',25370,1,1),(2628,'WordValidationMessage','2025-11-27 11:21:46','2025-11-27 11:21:48',25146,1,1),(2629,'WordSendMessage','2025-11-27 11:21:50','2025-11-27 11:21:48',25089,1,1),(2630,'WordValidationMessage','2025-11-27 11:21:49','2025-11-27 11:21:49',25123,1,1),(2631,'WordValidationMessage','2025-11-27 11:21:49','2025-11-27 11:21:50',25146,1,1),(2632,'WordValidationMessage','2025-11-27 11:21:52','2025-11-27 11:21:52',25123,1,1),(2633,'WordSendMessage','2025-11-27 11:21:55','2025-11-27 11:21:53',25315,1,1),(2634,'WordValidationMessage','2025-11-27 11:21:57','2025-11-27 11:21:58',25146,1,1),(2635,'WordSendMessage','2025-11-27 11:24:16','2025-11-27 11:21:59',25370,1,1),(2636,'WordSendMessage','2025-11-27 11:21:59','2025-11-27 11:21:59',25123,1,1),(2637,'WordSendMessage','2025-11-27 11:22:01','2025-11-27 11:22:00',25089,1,1),(2638,'WordSendMessage','2025-11-27 11:22:02','2025-11-27 11:22:00',25089,1,1),(2639,'WordSendMessage','2025-11-27 11:22:04','2025-11-27 11:22:02',25315,1,1),(2640,'WordSendMessage','2025-11-27 11:22:04','2025-11-27 11:22:04',25123,1,1),(2641,'WordSendMessage','2025-11-27 11:24:22','2025-11-27 11:22:04',25370,1,1),(2642,'WordValidationMessage','2025-11-27 11:22:07','2025-11-27 11:22:05',25089,1,1),(2643,'WordSendMessage','2025-11-27 11:21:17','2025-11-27 11:22:05',25364,1,1),(2644,'WordValidationMessage','2025-11-27 11:21:05','2025-11-27 11:22:06',25270,1,1),(2645,'WordSendMessage','2025-11-27 11:21:18','2025-11-27 11:22:06',25364,1,1),(2646,'WordSendMessage','2025-11-27 11:22:08','2025-11-27 11:22:09',25098,1,1),(2647,'CaseDetailsMessage','2025-11-27 11:21:21','2025-11-27 11:22:10',25364,1,1),(2648,'TimeStatsMessage','2025-11-27 11:21:08','2025-11-27 11:22:11',25039,1,1),(2649,'WordSendMessage','2025-11-27 11:21:08','2025-11-27 11:22:11',25039,1,1),(2650,'WordSendMessage','2025-11-27 11:24:29','2025-11-27 11:22:12',25370,1,1),(2651,'TimeStatsMessage','2025-11-27 11:21:09','2025-11-27 11:22:12',25039,1,1),(2652,'TimeStatsMessage','2025-11-27 11:21:09','2025-11-27 11:22:12',25039,1,1),(2653,'WordSendMessage','2025-11-27 11:22:21','2025-11-27 11:22:19',25089,1,1),(2654,'WordValidationMessage','2025-11-27 11:23:21','2025-11-27 11:22:20',25120,1,1),(2655,'WordSendMessage','2025-11-27 11:22:24','2025-11-27 11:22:22',25315,1,1),(2656,'WordSendMessage','2025-11-27 11:21:34','2025-11-27 11:22:22',25364,1,1),(2657,'WordSendMessage','2025-11-27 11:24:40','2025-11-27 11:22:23',25370,1,1),(2658,'WordSendMessage','2025-11-27 11:22:25','2025-11-27 11:22:23',25089,1,1),(2659,'PowerUpMessage','2025-11-27 11:21:25','2025-11-27 11:22:25',25270,1,1),(2660,'WordValidationMessage','2025-11-27 11:22:26','2025-11-27 11:22:26',25123,1,1),(2661,'WordSendMessage','2025-11-27 11:22:26','2025-11-27 11:22:27',25098,1,1),(2662,'WordSendMessage','2025-11-27 11:24:44','2025-11-27 11:22:27',25370,1,1),(2663,'WordSendMessage','2025-11-27 11:22:29','2025-11-27 11:22:28',25089,1,1),(2664,'WordSendMessage','2025-11-27 11:22:27','2025-11-27 11:22:28',25146,1,1),(2665,'WordValidationMessage','2025-11-27 11:21:28','2025-11-27 11:22:29',25270,1,1),(2666,'WordSendMessage','2025-11-27 11:22:29','2025-11-27 11:22:29',25123,1,1),(2667,'WordSendMessage','2025-11-27 11:22:31','2025-11-27 11:22:31',25098,1,1),(2668,'PowerUpMessage','2025-11-27 11:22:34','2025-11-27 11:22:34',25098,1,1),(2669,'WordValidationMessage','2025-11-27 11:22:36','2025-11-27 11:22:35',25315,1,1),(2670,'WordSendMessage','2025-11-27 11:24:53','2025-11-27 11:22:36',25370,1,1),(2671,'WordSendMessage','2025-11-27 11:22:36','2025-11-27 11:22:37',25146,1,1),(2672,'PowerUpMessage','2025-11-27 11:24:55','2025-11-27 11:22:38',25370,1,1),(2673,'PowerUpMessage','2025-11-27 11:22:39','2025-11-27 11:22:39',25123,1,1),(2674,'WordValidationMessage','2025-11-27 11:22:41','2025-11-27 11:22:41',25123,1,1),(2675,'WordValidationMessage','2025-11-27 11:24:58','2025-11-27 11:22:41',25370,1,1),(2676,'WordSendMessage','2025-11-27 11:22:44','2025-11-27 11:22:44',25123,1,1),(2677,'PowerUpMessage','2025-11-27 11:22:46','2025-11-27 11:22:44',25315,1,1),(2678,'PowerUpMessage','2025-11-27 11:22:46','2025-11-27 11:22:46',25123,1,1),(2679,'WordValidationMessage','2025-11-27 11:22:49','2025-11-27 11:22:48',25315,1,1),(2680,'WordSendMessage','2025-11-27 11:25:06','2025-11-27 11:22:49',25370,1,1),(2681,'WordValidationMessage','2025-11-27 11:22:52','2025-11-27 11:22:52',25123,1,1),(2682,'WordSendMessage','2025-11-27 11:22:54','2025-11-27 11:22:53',25089,1,1),(2683,'WordSendMessage','2025-11-27 11:22:54','2025-11-27 11:22:53',25315,1,1),(2684,'WordValidationMessage','2025-11-27 11:22:53','2025-11-27 11:22:53',25098,1,1),(2685,'WordSendMessage','2025-11-27 11:23:54','2025-11-27 11:22:53',25120,1,1),(2686,'WordValidationMessage','2025-11-27 11:22:53','2025-11-27 11:22:54',25123,1,1),(2687,'WordSendMessage','2025-11-27 11:22:07','2025-11-27 11:22:56',25364,1,1),(2688,'WordSendMessage','2025-11-27 11:22:57','2025-11-27 11:22:57',25123,1,1),(2689,'WordSendMessage','2025-11-27 11:23:58','2025-11-27 11:22:57',25120,1,1),(2690,'WordSendMessage','2025-11-27 11:25:15','2025-11-27 11:22:58',25370,1,1),(2691,'WordValidationMessage','2025-11-27 11:23:01','2025-11-27 11:23:02',25098,1,1),(2692,'WordValidationMessage','2025-11-27 11:23:03','2025-11-27 11:23:03',25098,1,1),(2693,'PowerUpMessage','2025-11-27 11:23:06','2025-11-27 11:23:04',25315,1,1),(2694,'WordSendMessage','2025-11-27 11:24:07','2025-11-27 11:23:06',25120,1,1),(2695,'WordSendMessage','2025-11-27 11:25:26','2025-11-27 11:23:09',25370,1,1),(2696,'WordSendMessage','2025-11-27 11:23:12','2025-11-27 11:23:12',25123,1,1),(2697,'WordSendMessage','2025-11-27 11:24:14','2025-11-27 11:23:13',25120,1,1),(2698,'WordSendMessage','2025-11-27 11:23:15','2025-11-27 11:23:13',25089,1,1),(2699,'WordSendMessage','2025-11-27 11:25:33','2025-11-27 11:23:16',25370,1,1),(2700,'WordSendMessage','2025-11-27 11:23:19','2025-11-27 11:23:17',25089,1,1),(2701,'CaseDetailsMessage','2025-11-27 11:22:29','2025-11-27 11:23:18',25364,1,1),(2702,'PowerUpMessage','2025-11-27 11:25:35','2025-11-27 11:23:18',25370,1,1),(2703,'WordSendMessage','2025-11-27 11:24:22','2025-11-27 11:23:21',25120,1,1),(2704,'PowerUpMessage','2025-11-27 11:24:26','2025-11-27 11:23:25',25120,1,1),(2705,'WordSendMessage','2025-11-27 11:25:42','2025-11-27 11:23:25',25370,1,1),(2706,'WordSendMessage','2025-11-27 11:23:29','2025-11-27 11:23:27',25089,1,1),(2707,'WordSendMessage','2025-11-27 11:23:27','2025-11-27 11:23:27',25123,1,1),(2708,'WordSendMessage','2025-11-27 11:23:29','2025-11-27 11:23:27',25315,1,1),(2709,'WordSendMessage','2025-11-27 11:23:30','2025-11-27 11:23:30',25123,1,1),(2710,'WordSendMessage','2025-11-27 11:25:48','2025-11-27 11:23:30',25370,1,1),(2711,'WordSendMessage','2025-11-27 11:23:33','2025-11-27 11:23:33',25123,1,1),(2712,'PowerUpMessage','2025-11-27 11:24:36','2025-11-27 11:23:35',25120,1,1),(2713,'PowerUpMessage','2025-11-27 11:23:35','2025-11-27 11:23:35',25098,1,1),(2714,'WordValidationMessage','2025-11-27 11:23:37','2025-11-27 11:23:37',25098,1,1),(2715,'WordValidationMessage','2025-11-27 11:24:39','2025-11-27 11:23:38',25120,1,1),(2716,'WordSendMessage','2025-11-27 11:23:38','2025-11-27 11:23:38',25123,1,1),(2717,'WordValidationMessage','2025-11-27 11:24:40','2025-11-27 11:23:40',25120,1,1),(2718,'WordValidationMessage','2025-11-27 11:24:42','2025-11-27 11:23:41',25120,1,1),(2719,'WordSendMessage','2025-11-27 11:23:42','2025-11-27 11:23:42',25123,1,1),(2720,'WordSendMessage','2025-11-27 11:26:00','2025-11-27 11:23:43',25370,1,1),(2721,'PowerUpMessage','2025-11-27 11:23:45','2025-11-27 11:23:44',25089,1,1),(2722,'PowerUpMessage','2025-11-27 11:23:45','2025-11-27 11:23:44',25089,1,1),(2723,'PowerUpMessage','2025-11-27 11:23:46','2025-11-27 11:23:44',25315,1,1),(2724,'PowerUpMessage','2025-11-27 11:23:46','2025-11-27 11:23:45',25089,1,1),(2725,'WordSendMessage','2025-11-27 11:22:56','2025-11-27 11:23:45',25364,1,1),(2726,'WordSendMessage','2025-11-27 11:22:57','2025-11-27 11:23:46',25364,1,1),(2727,'WordSendMessage','2025-11-27 11:23:46','2025-11-27 11:23:46',25123,1,1),(2728,'WordSendMessage','2025-11-27 11:22:58','2025-11-27 11:23:46',25364,1,1),(2729,'WordSendMessage','2025-11-27 11:23:47','2025-11-27 11:23:47',25098,1,1),(2730,'WordValidationMessage','2025-11-27 11:23:51','2025-11-27 11:23:50',25089,1,1),(2731,'WordSendMessage','2025-11-27 11:26:08','2025-11-27 11:23:50',25370,1,1),(2732,'TimeStatsMessage','2025-11-27 11:23:03','2025-11-27 11:23:51',25364,1,1),(2733,'WordSendMessage','2025-11-27 11:23:03','2025-11-27 11:23:51',25364,1,1),(2734,'WordSendMessage','2025-11-27 11:24:54','2025-11-27 11:23:53',25120,1,1),(2735,'WordSendMessage','2025-11-27 11:23:53','2025-11-27 11:23:53',25123,1,1),(2736,'WordSendMessage','2025-11-27 11:22:54','2025-11-27 11:23:54',25270,1,1),(2737,'WordSendMessage','2025-11-27 11:23:55','2025-11-27 11:23:55',25098,1,1),(2738,'WordSendMessage','2025-11-27 11:23:55','2025-11-27 11:23:55',25123,1,1),(2739,'WordSendMessage','2025-11-27 11:26:13','2025-11-27 11:23:56',25370,1,1),(2740,'WordSendMessage','2025-11-27 11:23:59','2025-11-27 11:23:59',25123,1,1),(2741,'PowerUpMessage','2025-11-27 11:25:01','2025-11-27 11:24:00',25120,1,1),(2742,'WordSendMessage','2025-11-27 11:24:01','2025-11-27 11:24:02',25098,1,1),(2743,'WordSendMessage','2025-11-27 11:26:19','2025-11-27 11:24:02',25370,1,1),(2744,'PowerUpMessage','2025-11-27 11:24:01','2025-11-27 11:24:02',25146,1,1),(2745,'WordSendMessage','2025-11-27 11:24:05','2025-11-27 11:24:03',25089,1,1),(2746,'WordSendMessage','2025-11-27 11:23:04','2025-11-27 11:24:04',25270,1,1),(2747,'WordSendMessage','2025-11-27 11:24:04','2025-11-27 11:24:04',25123,1,1),(2748,'WordSendMessage','2025-11-27 11:24:07','2025-11-27 11:24:05',25315,1,1),(2749,'WordSendMessage','2025-11-27 11:26:23','2025-11-27 11:24:06',25370,1,1),(2750,'WordValidationMessage','2025-11-27 11:24:06','2025-11-27 11:24:08',25146,1,1),(2751,'WordSendMessage','2025-11-27 11:24:08','2025-11-27 11:24:08',25098,1,1),(2752,'PowerUpMessage','2025-11-27 11:26:27','2025-11-27 11:24:09',25370,1,1),(2753,'CaseDetailsMessage','2025-11-27 11:24:11','2025-11-27 11:24:09',25089,1,1),(2754,'TimeStatsMessage','2025-11-27 11:23:22','2025-11-27 11:24:10',25364,1,1),(2755,'CaseSelectedMessage','2025-11-27 11:23:22','2025-11-27 11:24:10',25364,1,1),(2756,'PowerUpMessage','2025-11-27 11:26:28','2025-11-27 11:24:11',25370,1,1),(2757,'WordSendMessage','2025-11-27 11:25:16','2025-11-27 11:24:16',25120,1,1),(2758,'WordValidationMessage','2025-11-27 11:26:33','2025-11-27 11:24:16',25370,1,1),(2759,'WordSendMessage','2025-11-27 11:24:16','2025-11-27 11:24:17',25146,1,1),(2760,'WordValidationMessage','2025-11-27 11:26:35','2025-11-27 11:24:18',25370,1,1),(2761,'WordSendMessage','2025-11-27 11:24:19','2025-11-27 11:24:19',25098,1,1),(2762,'WordSendMessage','2025-11-27 11:25:23','2025-11-27 11:24:22',25120,1,1),(2763,'WordSendMessage','2025-11-27 11:24:22','2025-11-27 11:24:23',25123,1,1),(2764,'PowerUpMessage','2025-11-27 11:24:23','2025-11-27 11:24:23',25098,1,1),(2765,'WordSendMessage','2025-11-27 11:26:41','2025-11-27 11:24:24',25370,1,1),(2766,'WordSendMessage','2025-11-27 11:23:24','2025-11-27 11:24:24',25270,1,1),(2767,'WordValidationMessage','2025-11-27 11:24:25','2025-11-27 11:24:26',25098,1,1),(2768,'WordSendMessage','2025-11-27 11:24:26','2025-11-27 11:24:26',25123,1,1),(2769,'CaseSelectedMessage','2025-11-27 11:23:39','2025-11-27 11:24:28',25364,1,1),(2770,'TimeStatsMessage','2025-11-27 11:23:39','2025-11-27 11:24:28',25364,1,1),(2771,'WordSendMessage','2025-11-27 11:24:27','2025-11-27 11:24:28',25146,1,1),(2772,'PowerUpMessage','2025-11-27 11:25:30','2025-11-27 11:24:29',25120,1,1),(2773,'WordValidationMessage','2025-11-27 11:24:29','2025-11-27 11:24:29',25098,1,1),(2774,'WordValidationMessage','2025-11-27 11:24:31','2025-11-27 11:24:31',25098,1,1),(2775,'PowerUpMessage','2025-11-27 11:25:32','2025-11-27 11:24:31',25120,1,1),(2776,'PowerUpMessage','2025-11-27 11:25:34','2025-11-27 11:24:33',25120,1,1),(2777,'WordSendMessage','2025-11-27 11:24:35','2025-11-27 11:24:36',25098,1,1),(2778,'TimeStatsMessage','2025-11-27 11:25:38','2025-11-27 11:24:37',25120,1,1),(2779,'WordSendMessage','2025-11-27 11:25:38','2025-11-27 11:24:37',25120,1,1),(2780,'WordSendMessage','2025-11-27 11:24:36','2025-11-27 11:24:38',25146,1,1),(2781,'TimeStatsMessage','2025-11-27 11:25:39','2025-11-27 11:24:38',25120,1,1),(2782,'TimeStatsMessage','2025-11-27 11:25:39','2025-11-27 11:24:38',25120,1,1),(2783,'WordSendMessage','2025-11-27 11:27:00','2025-11-27 11:24:42',25370,1,1),(2784,'PowerUpMessage','2025-11-27 11:23:43','2025-11-27 11:24:44',25270,1,1),(2785,'WordSendMessage','2025-11-27 11:24:44','2025-11-27 11:24:44',25123,1,1),(2786,'WordSendMessage','2025-11-27 11:24:49','2025-11-27 11:24:49',25123,1,1),(2787,'WordSendMessage','2025-11-27 11:24:51','2025-11-27 11:24:52',25098,1,1),(2788,'WordValidationMessage','2025-11-27 11:24:04','2025-11-27 11:24:52',25364,1,1),(2789,'WordSendMessage','2025-11-27 11:27:10','2025-11-27 11:24:52',25370,1,1),(2790,'TimeStatsMessage','2025-11-27 11:24:55','2025-11-27 11:24:54',25315,1,1),(2791,'WordSendMessage','2025-11-27 11:24:55','2025-11-27 11:24:54',25315,1,1),(2792,'WordValidationMessage','2025-11-27 11:24:06','2025-11-27 11:24:55',25364,1,1),(2793,'WordValidationMessage','2025-11-27 11:23:55','2025-11-27 11:24:55',25270,1,1),(2794,'WordSendMessage','2025-11-27 11:24:55','2025-11-27 11:24:56',25123,1,1),(2795,'WordSendMessage','2025-11-27 11:24:57','2025-11-27 11:24:56',25089,1,1),(2796,'WordSendMessage','2025-11-27 11:27:15','2025-11-27 11:24:58',25370,1,1),(2797,'WordSendMessage','2025-11-27 11:24:58','2025-11-27 11:24:58',25123,1,1),(2798,'WordValidationMessage','2025-11-27 11:24:11','2025-11-27 11:25:00',25364,1,1),(2799,'TimeStatsMessage','2025-11-27 11:25:02','2025-11-27 11:25:00',25089,1,1),(2800,'WordSendMessage','2025-11-27 11:25:02','2025-11-27 11:25:00',25089,1,1),(2801,'WordSendMessage','2025-11-27 11:25:01','2025-11-27 11:25:01',25123,1,1),(2802,'WordSendMessage','2025-11-27 11:24:14','2025-11-27 11:25:03',25364,1,1),(2803,'WordSendMessage','2025-11-27 11:25:03','2025-11-27 11:25:03',25123,1,1),(2804,'PowerUpMessage','2025-11-27 11:25:03','2025-11-27 11:25:03',25098,1,1),(2805,'WordSendMessage','2025-11-27 11:25:04','2025-11-27 11:25:05',25123,1,1),(2806,'PowerUpMessage','2025-11-27 11:24:19','2025-11-27 11:25:07',25364,1,1),(2807,'WordSendMessage','2025-11-27 11:25:08','2025-11-27 11:25:08',25123,1,1),(2808,'WordValidationMessage','2025-11-27 11:24:20','2025-11-27 11:25:08',25364,1,1),(2809,'WordValidationMessage','2025-11-27 11:25:09','2025-11-27 11:25:10',25098,1,1),(2810,'WordValidationMessage','2025-11-27 11:24:21','2025-11-27 11:25:10',25364,1,1),(2811,'WordSendMessage','2025-11-27 11:24:23','2025-11-27 11:25:12',25364,1,1),(2812,'WordValidationMessage','2025-11-27 11:25:11','2025-11-27 11:25:12',25146,1,1),(2813,'WordValidationMessage','2025-11-27 11:25:13','2025-11-27 11:25:13',25098,1,1),(2814,'PowerUpMessage','2025-11-27 11:25:13','2025-11-27 11:25:13',25123,1,1),(2815,'PowerUpMessage','2025-11-27 11:25:15','2025-11-27 11:25:15',25123,1,1),(2816,'PowerUpMessage','2025-11-27 11:24:28','2025-11-27 11:25:16',25364,1,1),(2817,'WordValidationMessage','2025-11-27 11:25:16','2025-11-27 11:25:16',25098,1,1),(2818,'WordSendMessage','2025-11-27 11:25:16','2025-11-27 11:25:17',25146,1,1),(2819,'WordValidationMessage','2025-11-27 11:24:29','2025-11-27 11:25:18',25364,1,1),(2820,'WordValidationMessage','2025-11-27 11:25:18','2025-11-27 11:25:18',25098,1,1),(2821,'WordValidationMessage','2025-11-27 11:24:30','2025-11-27 11:25:19',25364,1,1),(2822,'WordSendMessage','2025-11-27 11:24:19','2025-11-27 11:25:19',25270,1,1),(2823,'WordValidationMessage','2025-11-27 11:24:31','2025-11-27 11:25:20',25364,1,1),(2824,'WordValidationMessage','2025-11-27 11:25:19','2025-11-27 11:25:20',25098,1,1),(2825,'TimeStatsMessage','2025-11-27 11:25:21','2025-11-27 11:25:20',25089,1,1),(2826,'CaseSelectedMessage','2025-11-27 11:25:21','2025-11-27 11:25:20',25089,1,1),(2827,'WordValidationMessage','2025-11-27 11:24:32','2025-11-27 11:25:20',25364,1,1),(2828,'WordValidationMessage','2025-11-27 11:25:22','2025-11-27 11:25:22',25098,1,1),(2829,'WordValidationMessage','2025-11-27 11:24:34','2025-11-27 11:25:22',25364,1,1),(2830,'WordValidationMessage','2025-11-27 11:24:34','2025-11-27 11:25:22',25364,1,1),(2831,'WordValidationMessage','2025-11-27 11:24:35','2025-11-27 11:25:23',25364,1,1),(2832,'WordValidationMessage','2025-11-27 11:25:23','2025-11-27 11:25:24',25098,1,1),(2833,'CaseSelectedMessage','2025-11-27 11:25:26','2025-11-27 11:25:24',25315,1,1),(2834,'TimeStatsMessage','2025-11-27 11:25:26','2025-11-27 11:25:24',25315,1,1),(2835,'WordSendMessage','2025-11-27 11:25:25','2025-11-27 11:25:25',25123,1,1),(2836,'WordValidationMessage','2025-11-27 11:25:25','2025-11-27 11:25:25',25098,1,1),(2837,'CaseDetailsMessage','2025-11-27 11:25:25','2025-11-27 11:25:27',25146,1,1),(2838,'WordSendMessage','2025-11-27 11:24:39','2025-11-27 11:25:27',25364,1,1),(2839,'WordSendMessage','2025-11-27 11:25:28','2025-11-27 11:25:29',25123,1,1),(2840,'WordSendMessage','2025-11-27 11:27:46','2025-11-27 11:25:29',25370,1,1),(2841,'WordValidationMessage','2025-11-27 11:25:31','2025-11-27 11:25:31',25098,1,1),(2842,'WordValidationMessage','2025-11-27 11:24:31','2025-11-27 11:25:31',25270,1,1),(2843,'PowerUpMessage','2025-11-27 11:24:43','2025-11-27 11:25:31',25364,1,1),(2844,'WordSendMessage','2025-11-27 11:25:32','2025-11-27 11:25:33',25123,1,1),(2845,'WordValidationMessage','2025-11-27 11:24:45','2025-11-27 11:25:33',25364,1,1),(2846,'WordSendMessage','2025-11-27 11:25:35','2025-11-27 11:25:34',25089,1,1),(2847,'WordSendMessage','2025-11-27 11:25:34','2025-11-27 11:25:34',25098,1,1),(2848,'WordSendMessage','2025-11-27 11:25:34','2025-11-27 11:25:34',25123,1,1),(2849,'WordSendMessage','2025-11-27 11:24:34','2025-11-27 11:25:35',25270,1,1),(2850,'WordSendMessage','2025-11-27 11:25:36','2025-11-27 11:25:36',25123,1,1),(2851,'WordValidationMessage','2025-11-27 11:24:49','2025-11-27 11:25:37',25364,1,1),(2852,'WordSendMessage','2025-11-27 11:25:38','2025-11-27 11:25:38',25123,1,1),(2853,'WordSendMessage','2025-11-27 11:27:56','2025-11-27 11:25:38',25370,1,1),(2854,'WordValidationMessage','2025-11-27 11:25:40','2025-11-27 11:25:39',25315,1,1),(2855,'WordValidationMessage','2025-11-27 11:24:51','2025-11-27 11:25:39',25364,1,1),(2856,'WordValidationMessage','2025-11-27 11:25:41','2025-11-27 11:25:40',25315,1,1),(2857,'WordValidationMessage','2025-11-27 11:25:42','2025-11-27 11:25:40',25315,1,1),(2858,'WordValidationMessage','2025-11-27 11:24:52','2025-11-27 11:25:40',25364,1,1),(2859,'WordValidationMessage','2025-11-27 11:25:42','2025-11-27 11:25:40',25315,1,1),(2860,'WordSendMessage','2025-11-27 11:25:41','2025-11-27 11:25:41',25123,1,1),(2861,'WordValidationMessage','2025-11-27 11:25:43','2025-11-27 11:25:41',25315,1,1),(2862,'WordValidationMessage','2025-11-27 11:24:53','2025-11-27 11:25:41',25364,1,1),(2863,'WordValidationMessage','2025-11-27 11:25:43','2025-11-27 11:25:41',25315,1,1),(2864,'WordValidationMessage','2025-11-27 11:24:54','2025-11-27 11:25:42',25364,1,1),(2865,'WordValidationMessage','2025-11-27 11:25:44','2025-11-27 11:25:42',25315,1,1),(2866,'CaseDetailsMessage','2025-11-27 11:28:00','2025-11-27 11:25:42',25370,1,1),(2867,'WordSendMessage','2025-11-27 11:25:44','2025-11-27 11:25:42',25089,1,1),(2868,'WordValidationMessage','2025-11-27 11:25:45','2025-11-27 11:25:43',25315,1,1),(2869,'WordValidationMessage','2025-11-27 11:24:55','2025-11-27 11:25:43',25364,1,1),(2870,'PowerUpMessage','2025-11-27 11:24:43','2025-11-27 11:25:43',25270,1,1),(2871,'WordSendMessage','2025-11-27 11:25:43','2025-11-27 11:25:43',25123,1,1),(2872,'CaseDetailsMessage','2025-11-27 11:25:42','2025-11-27 11:25:44',25146,1,1),(2873,'WordValidationMessage','2025-11-27 11:24:56','2025-11-27 11:25:44',25364,1,1),(2874,'WordValidationMessage','2025-11-27 11:24:57','2025-11-27 11:25:45',25364,1,1),(2875,'WordValidationMessage','2025-11-27 11:24:45','2025-11-27 11:25:46',25270,1,1),(2876,'WordValidationMessage','2025-11-27 11:24:58','2025-11-27 11:25:46',25364,1,1),(2877,'WordValidationMessage','2025-11-27 11:24:59','2025-11-27 11:25:48',25364,1,1),(2878,'WordSendMessage','2025-11-27 11:24:48','2025-11-27 11:25:48',25270,1,1),(2879,'WordValidationMessage','2025-11-27 11:25:00','2025-11-27 11:25:49',25364,1,1),(2880,'WordValidationMessage','2025-11-27 11:25:01','2025-11-27 11:25:50',25364,1,1),(2881,'WordValidationMessage','2025-11-27 11:25:02','2025-11-27 11:25:51',25364,1,1),(2882,'TimeStatsMessage','2025-11-27 11:25:51','2025-11-27 11:25:51',25098,1,1),(2883,'WordSendMessage','2025-11-27 11:25:51','2025-11-27 11:25:51',25098,1,1),(2884,'WordValidationMessage','2025-11-27 11:25:04','2025-11-27 11:25:52',25364,1,1),(2885,'WordValidationMessage','2025-11-27 11:25:55','2025-11-27 11:25:53',25315,1,1),(2886,'WordValidationMessage','2025-11-27 11:25:06','2025-11-27 11:25:54',25364,1,1),(2887,'WordValidationMessage','2025-11-27 11:25:07','2025-11-27 11:25:56',25364,1,1),(2888,'WordSendMessage','2025-11-27 11:25:58','2025-11-27 11:25:56',25315,1,1),(2889,'WordValidationMessage','2025-11-27 11:25:10','2025-11-27 11:25:58',25364,1,1),(2890,'WordValidationMessage','2025-11-27 11:25:12','2025-11-27 11:26:00',25364,1,1),(2891,'WordSendMessage','2025-11-27 11:26:02','2025-11-27 11:26:01',25089,1,1),(2892,'WordValidationMessage','2025-11-27 11:26:04','2025-11-27 11:26:03',25315,1,1),(2893,'WordValidationMessage','2025-11-27 11:25:15','2025-11-27 11:26:03',25364,1,1),(2894,'WordValidationMessage','2025-11-27 11:26:05','2025-11-27 11:26:03',25315,1,1),(2895,'WordValidationMessage','2025-11-27 11:26:06','2025-11-27 11:26:04',25315,1,1),(2896,'WordSendMessage','2025-11-27 11:25:04','2025-11-27 11:26:05',25270,1,1),(2897,'TimeStatsMessage','2025-11-27 11:26:03','2025-11-27 11:26:05',25146,1,1),(2898,'WordSendMessage','2025-11-27 11:26:03','2025-11-27 11:26:05',25146,1,1),(2899,'WordValidationMessage','2025-11-27 11:25:17','2025-11-27 11:26:05',25364,1,1),(2900,'WordValidationMessage','2025-11-27 11:26:07','2025-11-27 11:26:05',25315,1,1),(2901,'WordValidationMessage','2025-11-27 11:26:07','2025-11-27 11:26:05',25315,1,1),(2902,'WordValidationMessage','2025-11-27 11:26:07','2025-11-27 11:26:05',25315,1,1),(2903,'WordValidationMessage','2025-11-27 11:26:07','2025-11-27 11:26:06',25315,1,1),(2904,'WordValidationMessage','2025-11-27 11:26:07','2025-11-27 11:26:06',25315,1,1),(2905,'WordValidationMessage','2025-11-27 11:25:19','2025-11-27 11:26:07',25364,1,1),(2906,'WordSendMessage','2025-11-27 11:25:08','2025-11-27 11:26:08',25270,1,1),(2907,'CaseSelectedMessage','2025-11-27 11:26:09','2025-11-27 11:26:09',25098,1,1),(2908,'TimeStatsMessage','2025-11-27 11:26:09','2025-11-27 11:26:09',25098,1,1),(2909,'TimeStatsMessage','2025-11-27 11:26:09','2025-11-27 11:26:09',25123,1,1),(2910,'WordSendMessage','2025-11-27 11:26:09','2025-11-27 11:26:09',25123,1,1),(2911,'TimeStatsMessage','2025-11-27 11:26:10','2025-11-27 11:26:10',25123,1,1),(2912,'TimeStatsMessage','2025-11-27 11:26:10','2025-11-27 11:26:10',25123,1,1),(2913,'WordValidationMessage','2025-11-27 11:26:13','2025-11-27 11:26:11',25315,1,1),(2914,'WordSendMessage','2025-11-27 11:25:23','2025-11-27 11:26:11',25364,1,1),(2915,'WordValidationMessage','2025-11-27 11:26:15','2025-11-27 11:26:13',25315,1,1),(2916,'WordSendMessage','2025-11-27 11:25:13','2025-11-27 11:26:14',25270,1,1),(2917,'WordValidationMessage','2025-11-27 11:26:16','2025-11-27 11:26:14',25089,1,1),(2918,'PowerUpMessage','2025-11-27 11:25:26','2025-11-27 11:26:15',25364,1,1),(2919,'WordSendMessage','2025-11-27 11:26:18','2025-11-27 11:26:16',25315,1,1),(2920,'WordValidationMessage','2025-11-27 11:25:28','2025-11-27 11:26:16',25364,1,1),(2921,'WordValidationMessage','2025-11-27 11:25:29','2025-11-27 11:26:17',25364,1,1),(2922,'PowerUpMessage','2025-11-27 11:25:18','2025-11-27 11:26:19',25270,1,1),(2923,'PowerUpMessage','2025-11-27 11:25:19','2025-11-27 11:26:19',25270,1,1),(2924,'WordSendMessage','2025-11-27 11:26:22','2025-11-27 11:26:20',25089,1,1),(2925,'WordSendMessage','2025-11-27 11:25:32','2025-11-27 11:26:20',25364,1,1),(2926,'PowerUpMessage','2025-11-27 11:25:35','2025-11-27 11:26:24',25364,1,1),(2927,'CaseSelectedMessage','2025-11-27 11:26:23','2025-11-27 11:26:24',25146,1,1),(2928,'TimeStatsMessage','2025-11-27 11:26:23','2025-11-27 11:26:24',25146,1,1),(2929,'WordValidationMessage','2025-11-27 11:26:27','2025-11-27 11:26:25',25315,1,1),(2930,'WordValidationMessage','2025-11-27 11:25:37','2025-11-27 11:26:26',25364,1,1),(2931,'WordValidationMessage','2025-11-27 11:25:38','2025-11-27 11:26:27',25364,1,1),(2932,'WordValidationMessage','2025-11-27 11:25:39','2025-11-27 11:26:27',25364,1,1),(2933,'WordValidationMessage','2025-11-27 11:26:30','2025-11-27 11:26:29',25315,1,1),(2934,'WordSendMessage','2025-11-27 11:25:29','2025-11-27 11:26:29',25270,1,1),(2935,'WordSendMessage','2025-11-27 11:25:41','2025-11-27 11:26:29',25364,1,1),(2936,'WordValidationMessage','2025-11-27 11:26:32','2025-11-27 11:26:30',25315,1,1),(2937,'WordValidationMessage','2025-11-27 11:26:33','2025-11-27 11:26:31',25315,1,1),(2938,'WordValidationMessage','2025-11-27 11:26:34','2025-11-27 11:26:33',25315,1,1),(2939,'WordSendMessage','2025-11-27 11:25:33','2025-11-27 11:26:33',25270,1,1),(2940,'PowerUpMessage','2025-11-27 11:25:45','2025-11-27 11:26:33',25364,1,1),(2941,'WordValidationMessage','2025-11-27 11:26:35','2025-11-27 11:26:34',25315,1,1),(2942,'WordValidationMessage','2025-11-27 11:26:33','2025-11-27 11:26:34',25146,1,1),(2943,'PowerUpMessage','2025-11-27 11:25:46','2025-11-27 11:26:34',25364,1,1),(2944,'WordSendMessage','2025-11-27 11:26:35','2025-11-27 11:26:36',25146,1,1),(2945,'TimeStatsMessage','2025-11-27 11:25:48','2025-11-27 11:26:36',25364,1,1),(2946,'WordSendMessage','2025-11-27 11:25:48','2025-11-27 11:26:36',25364,1,1),(2947,'TimeStatsMessage','2025-11-27 11:25:49','2025-11-27 11:26:38',25364,1,1),(2948,'TimeStatsMessage','2025-11-27 11:25:49','2025-11-27 11:26:38',25364,1,1),(2949,'WordSendMessage','2025-11-27 11:25:37','2025-11-27 11:26:38',25270,1,1),(2950,'PowerUpMessage','2025-11-27 11:26:41','2025-11-27 11:26:40',25315,1,1),(2951,'WordValidationMessage','2025-11-27 11:26:39','2025-11-27 11:26:41',25146,1,1),(2952,'WordValidationMessage','2025-11-27 11:26:44','2025-11-27 11:26:43',25315,1,1),(2953,'WordSendMessage','2025-11-27 11:26:47','2025-11-27 11:26:45',25315,1,1),(2954,'WordSendMessage','2025-11-27 11:26:51','2025-11-27 11:26:49',25089,1,1),(2955,'PowerUpMessage','2025-11-27 11:26:53','2025-11-27 11:26:51',25315,1,1),(2956,'WordValidationMessage','2025-11-27 11:26:55','2025-11-27 11:26:53',25315,1,1),(2957,'WordValidationMessage','2025-11-27 11:26:56','2025-11-27 11:26:54',25315,1,1),(2958,'WordSendMessage','2025-11-27 11:26:56','2025-11-27 11:26:55',25089,1,1),(2959,'WordValidationMessage','2025-11-27 11:26:58','2025-11-27 11:26:56',25315,1,1),(2960,'PowerUpMessage','2025-11-27 11:26:56','2025-11-27 11:26:58',25146,1,1),(2961,'WordValidationMessage','2025-11-27 11:27:00','2025-11-27 11:26:58',25315,1,1),(2962,'WordValidationMessage','2025-11-27 11:27:00','2025-11-27 11:26:59',25315,1,1),(2963,'WordValidationMessage','2025-11-27 11:27:01','2025-11-27 11:27:00',25315,1,1),(2964,'WordValidationMessage','2025-11-27 11:27:02','2025-11-27 11:27:00',25315,1,1),(2965,'WordValidationMessage','2025-11-27 11:27:03','2025-11-27 11:27:02',25315,1,1),(2966,'WordSendMessage','2025-11-27 11:26:02','2025-11-27 11:27:03',25270,1,1),(2967,'WordValidationMessage','2025-11-27 11:27:06','2025-11-27 11:27:05',25315,1,1),(2968,'WordValidationMessage','2025-11-27 11:27:07','2025-11-27 11:27:05',25315,1,1),(2969,'WordSendMessage','2025-11-27 11:27:13','2025-11-27 11:27:11',25315,1,1),(2970,'WordSendMessage','2025-11-27 11:27:10','2025-11-27 11:27:11',25146,1,1),(2971,'WordValidationMessage','2025-11-27 11:27:21','2025-11-27 11:27:19',25089,1,1),(2972,'WordValidationMessage','2025-11-27 11:27:22','2025-11-27 11:27:21',25315,1,1),(2973,'WordValidationMessage','2025-11-27 11:27:20','2025-11-27 11:27:21',25098,1,1),(2974,'WordValidationMessage','2025-11-27 11:27:24','2025-11-27 11:27:22',25089,1,1),(2975,'WordValidationMessage','2025-11-27 11:27:25','2025-11-27 11:27:23',25315,1,1),(2976,'WordValidationMessage','2025-11-27 11:27:26','2025-11-27 11:27:24',25089,1,1),(2977,'WordValidationMessage','2025-11-27 11:27:26','2025-11-27 11:27:24',25315,1,1),(2978,'WordValidationMessage','2025-11-27 11:27:27','2025-11-27 11:27:25',25315,1,1),(2979,'WordValidationMessage','2025-11-27 11:27:26','2025-11-27 11:27:26',25098,1,1),(2980,'WordValidationMessage','2025-11-27 11:27:30','2025-11-27 11:27:28',25315,1,1),(2981,'WordValidationMessage','2025-11-27 11:27:29','2025-11-27 11:27:30',25098,1,1),(2982,'WordValidationMessage','2025-11-27 11:27:31','2025-11-27 11:27:33',25146,1,1),(2983,'WordSendMessage','2025-11-27 11:27:35','2025-11-27 11:27:34',25315,1,1),(2984,'WordValidationMessage','2025-11-27 11:27:36','2025-11-27 11:27:36',25098,1,1),(2985,'WordValidationMessage','2025-11-27 11:27:38','2025-11-27 11:27:39',25098,1,1),(2986,'WordSendMessage','2025-11-27 11:27:42','2025-11-27 11:27:40',25089,1,1),(2987,'WordValidationMessage','2025-11-27 11:27:45','2025-11-27 11:27:44',25315,1,1),(2988,'WordValidationMessage','2025-11-27 11:27:46','2025-11-27 11:27:44',25315,1,1),(2989,'WordValidationMessage','2025-11-27 11:27:47','2025-11-27 11:27:47',25098,1,1),(2990,'PowerUpMessage','2025-11-27 11:27:50','2025-11-27 11:27:48',25315,1,1),(2991,'WordValidationMessage','2025-11-27 11:27:53','2025-11-27 11:27:51',25089,1,1),(2992,'WordValidationMessage','2025-11-27 11:27:53','2025-11-27 11:27:52',25315,1,1),(2993,'WordValidationMessage','2025-11-27 11:27:54','2025-11-27 11:27:52',25315,1,1),(2994,'TimeStatsMessage','2025-11-27 11:26:52','2025-11-27 11:27:52',25270,1,1),(2995,'WordSendMessage','2025-11-27 11:26:52','2025-11-27 11:27:52',25270,1,1),(2996,'TimeStatsMessage','2025-11-27 11:26:53','2025-11-27 11:27:53',25270,1,1),(2997,'TimeStatsMessage','2025-11-27 11:26:53','2025-11-27 11:27:53',25270,1,1),(2998,'WordValidationMessage','2025-11-27 11:27:55','2025-11-27 11:27:54',25089,1,1),(2999,'WordValidationMessage','2025-11-27 11:27:58','2025-11-27 11:27:56',25089,1,1),(3000,'WordValidationMessage','2025-11-27 11:27:57','2025-11-27 11:27:57',25098,1,1),(3001,'WordValidationMessage','2025-11-27 11:28:00','2025-11-27 11:27:58',25089,1,1),(3002,'WordValidationMessage','2025-11-27 11:28:02','2025-11-27 11:28:00',25089,1,1),(3003,'WordValidationMessage','2025-11-27 11:28:07','2025-11-27 11:28:05',25315,1,1),(3004,'WordSendMessage','2025-11-27 11:28:08','2025-11-27 11:28:08',25098,1,1),(3005,'WordValidationMessage','2025-11-27 11:28:10','2025-11-27 11:28:11',25146,1,1),(3006,'WordValidationMessage','2025-11-27 11:28:13','2025-11-27 11:28:12',25315,1,1),(3007,'WordValidationMessage','2025-11-27 11:28:14','2025-11-27 11:28:12',25315,1,1),(3008,'WordValidationMessage','2025-11-27 11:28:15','2025-11-27 11:28:14',25089,1,1),(3009,'WordSendMessage','2025-11-27 11:28:14','2025-11-27 11:28:15',25146,1,1),(3010,'WordSendMessage','2025-11-27 11:28:16','2025-11-27 11:28:16',25098,1,1),(3011,'WordSendMessage','2025-11-27 11:28:19','2025-11-27 11:28:18',25089,1,1),(3012,'WordSendMessage','2025-11-27 11:28:18','2025-11-27 11:28:20',25146,1,1),(3013,'WordValidationMessage','2025-11-27 11:28:23','2025-11-27 11:28:21',25089,1,1),(3014,'WordSendMessage','2025-11-27 11:28:26','2025-11-27 11:28:24',25089,1,1),(3015,'WordSendMessage','2025-11-27 11:28:27','2025-11-27 11:28:27',25098,1,1),(3016,'WordSendMessage','2025-11-27 11:28:33','2025-11-27 11:28:33',25098,1,1),(3017,'WordValidationMessage','2025-11-27 11:28:42','2025-11-27 11:28:40',25089,1,1),(3018,'WordSendMessage','2025-11-27 11:28:43','2025-11-27 11:28:43',25098,1,1),(3019,'WordValidationMessage','2025-11-27 11:28:48','2025-11-27 11:28:46',25315,1,1),(3020,'PowerUpMessage','2025-11-27 11:28:54','2025-11-27 11:28:53',25089,1,1),(3021,'WordSendMessage','2025-11-27 11:28:54','2025-11-27 11:28:55',25098,1,1),(3022,'WordValidationMessage','2025-11-27 11:28:58','2025-11-27 11:28:56',25089,1,1),(3023,'WordValidationMessage','2025-11-27 11:28:58','2025-11-27 11:28:56',25315,1,1),(3024,'WordSendMessage','2025-11-27 11:28:58','2025-11-27 11:28:58',25098,1,1),(3025,'WordValidationMessage','2025-11-27 11:28:59','2025-11-27 11:29:00',25146,1,1),(3026,'WordSendMessage','2025-11-27 11:29:01','2025-11-27 11:29:02',25146,1,1),(3027,'WordSendMessage','2025-11-27 11:29:05','2025-11-27 11:29:03',25089,1,1),(3028,'TimeStatsMessage','2025-11-27 11:29:09','2025-11-27 11:29:09',25098,1,1),(3029,'WordSendMessage','2025-11-27 11:29:09','2025-11-27 11:29:09',25098,1,1),(3030,'TimeStatsMessage','2025-11-27 11:29:10','2025-11-27 11:29:10',25098,1,1),(3031,'TimeStatsMessage','2025-11-27 11:29:10','2025-11-27 11:29:10',25098,1,1),(3032,'WordValidationMessage','2025-11-27 11:29:12','2025-11-27 11:29:10',25315,1,1),(3033,'WordSendMessage','2025-11-27 11:29:18','2025-11-27 11:29:16',25315,1,1),(3034,'WordValidationMessage','2025-11-27 11:29:29','2025-11-27 11:29:27',25315,1,1),(3035,'WordSendMessage','2025-11-27 11:29:37','2025-11-27 11:29:35',25089,1,1),(3036,'WordSendMessage','2025-11-27 11:29:41','2025-11-27 11:29:40',25315,1,1),(3037,'WordSendMessage','2025-11-27 11:29:53','2025-11-27 11:29:51',25089,1,1),(3038,'WordSendMessage','2025-11-27 11:29:54','2025-11-27 11:29:52',25315,1,1),(3039,'PowerUpMessage','2025-11-27 11:29:59','2025-11-27 11:29:57',25315,1,1),(3040,'WordValidationMessage','2025-11-27 11:30:01','2025-11-27 11:30:00',25315,1,1),(3041,'WordSendMessage','2025-11-27 11:30:01','2025-11-27 11:30:02',25146,1,1),(3042,'WordSendMessage','2025-11-27 11:30:05','2025-11-27 11:30:03',25315,1,1),(3043,'WordSendMessage','2025-11-27 11:30:06','2025-11-27 11:30:04',25089,1,1),(3044,'PowerUpMessage','2025-11-27 11:30:04','2025-11-27 11:30:05',25146,1,1),(3045,'WordValidationMessage','2025-11-27 11:30:10','2025-11-27 11:30:11',25146,1,1),(3046,'PowerUpMessage','2025-11-27 11:30:15','2025-11-27 11:30:14',25089,1,1),(3047,'CaseDetailsMessage','2025-11-27 11:30:18','2025-11-27 11:30:16',25089,1,1),(3048,'CaseDetailsMessage','2025-11-27 11:30:15','2025-11-27 11:30:17',25146,1,1),(3049,'WordValidationMessage','2025-11-27 11:30:35','2025-11-27 11:30:33',25089,1,1),(3050,'TimeStatsMessage','2025-11-27 11:30:45','2025-11-27 11:30:43',25315,1,1),(3051,'WordSendMessage','2025-11-27 11:30:45','2025-11-27 11:30:43',25315,1,1),(3052,'TimeStatsMessage','2025-11-27 11:30:46','2025-11-27 11:30:44',25315,1,1),(3053,'TimeStatsMessage','2025-11-27 11:30:46','2025-11-27 11:30:44',25315,1,1),(3054,'TimeStatsMessage','2025-11-27 11:30:46','2025-11-27 11:30:47',25146,1,1),(3055,'WordSendMessage','2025-11-27 11:30:46','2025-11-27 11:30:47',25146,1,1),(3056,'WordValidationMessage','2025-11-27 11:30:53','2025-11-27 11:30:51',25089,1,1),(3057,'WordValidationMessage','2025-11-27 11:31:02','2025-11-27 11:31:00',25089,1,1),(3058,'WordValidationMessage','2025-11-27 11:31:08','2025-11-27 11:31:06',25089,1,1),(3059,'CaseSelectedMessage','2025-11-27 11:31:11','2025-11-27 11:31:13',25146,1,1),(3060,'TimeStatsMessage','2025-11-27 11:31:11','2025-11-27 11:31:13',25146,1,1),(3061,'WordValidationMessage','2025-11-27 11:31:16','2025-11-27 11:31:14',25089,1,1),(3062,'CaseDetailsMessage','2025-11-27 11:31:26','2025-11-27 11:31:27',25146,1,1),(3063,'WordSendMessage','2025-11-27 11:31:35','2025-11-27 11:31:34',25089,1,1),(3064,'WordSendMessage','2025-11-27 11:31:41','2025-11-27 11:31:40',25089,1,1),(3065,'PowerUpMessage','2025-11-27 11:31:58','2025-11-27 11:31:57',25089,1,1),(3066,'WordValidationMessage','2025-11-27 11:32:01','2025-11-27 11:32:00',25089,1,1),(3067,'WordSendMessage','2025-11-27 11:32:04','2025-11-27 11:32:02',25089,1,1),(3068,'WordSendMessage','2025-11-27 11:32:11','2025-11-27 11:32:10',25089,1,1),(3069,'WordSendMessage','2025-11-27 11:32:13','2025-11-27 11:32:14',25146,1,1),(3070,'WordSendMessage','2025-11-27 11:32:18','2025-11-27 11:32:16',25089,1,1),(3071,'WordSendMessage','2025-11-27 11:32:18','2025-11-27 11:32:19',25146,1,1),(3072,'WordSendMessage','2025-11-27 11:32:21','2025-11-27 11:32:19',25089,1,1),(3073,'WordSendMessage','2025-11-27 11:32:18','2025-11-27 11:32:19',25146,1,1),(3074,'WordSendMessage','2025-11-27 11:32:24','2025-11-27 11:32:26',25146,1,1),(3075,'WordSendMessage','2025-11-27 11:32:28','2025-11-27 11:32:26',25089,1,1),(3076,'WordSendMessage','2025-11-27 11:32:31','2025-11-27 11:32:30',25089,1,1),(3077,'WordSendMessage','2025-11-27 11:32:35','2025-11-27 11:32:33',25089,1,1),(3078,'WordSendMessage','2025-11-27 11:32:36','2025-11-27 11:32:35',25089,1,1),(3079,'WordSendMessage','2025-11-27 11:32:35','2025-11-27 11:32:36',25146,1,1),(3080,'WordSendMessage','2025-11-27 11:32:44','2025-11-27 11:32:42',25089,1,1),(3081,'WordSendMessage','2025-11-27 11:32:42','2025-11-27 11:32:44',25146,1,1),(3082,'WordSendMessage','2025-11-27 11:32:50','2025-11-27 11:32:49',25089,1,1),(3083,'WordSendMessage','2025-11-27 11:32:49','2025-11-27 11:32:50',25146,1,1),(3084,'WordSendMessage','2025-11-27 11:32:57','2025-11-27 11:32:56',25089,1,1),(3085,'WordSendMessage','2025-11-27 11:33:04','2025-11-27 11:33:02',25089,1,1),(3086,'WordSendMessage','2025-11-27 11:33:07','2025-11-27 11:33:05',25089,1,1),(3087,'WordSendMessage','2025-11-27 11:33:10','2025-11-27 11:33:09',25089,1,1),(3088,'WordValidationMessage','2025-11-27 11:33:08','2025-11-27 11:33:09',25146,1,1),(3089,'WordSendMessage','2025-11-27 11:33:16','2025-11-27 11:33:15',25089,1,1),(3090,'WordValidationMessage','2025-11-27 11:33:14','2025-11-27 11:33:15',25146,1,1),(3091,'WordValidationMessage','2025-11-27 11:33:17','2025-11-27 11:33:18',25146,1,1),(3092,'WordSendMessage','2025-11-27 11:33:20','2025-11-27 11:33:19',25089,1,1),(3093,'WordSendMessage','2025-11-27 11:33:26','2025-11-27 11:33:24',25089,1,1),(3094,'WordValidationMessage','2025-11-27 11:33:24','2025-11-27 11:33:26',25146,1,1),(3095,'WordSendMessage','2025-11-27 11:33:32','2025-11-27 11:33:31',25089,1,1),(3096,'WordSendMessage','2025-11-27 11:33:36','2025-11-27 11:33:34',25089,1,1),(3097,'WordSendMessage','2025-11-27 11:33:41','2025-11-27 11:33:39',25089,1,1),(3098,'WordValidationMessage','2025-11-27 11:33:44','2025-11-27 11:33:46',25146,1,1),(3099,'TimeStatsMessage','2025-11-27 11:33:52','2025-11-27 11:33:50',25089,1,1),(3100,'WordSendMessage','2025-11-27 11:33:52','2025-11-27 11:33:51',25089,1,1),(3101,'TimeStatsMessage','2025-11-27 11:33:53','2025-11-27 11:33:51',25089,1,1),(3102,'TimeStatsMessage','2025-11-27 11:33:53','2025-11-27 11:33:51',25089,1,1),(3103,'WordValidationMessage','2025-11-27 11:33:52','2025-11-27 11:33:53',25146,1,1),(3104,'TimeStatsMessage','2025-11-27 11:34:22','2025-11-27 11:34:20',25089,1,1),(3105,'TimeStatsMessage','2025-11-27 11:34:22','2025-11-27 11:34:20',25089,1,1),(3106,'TimeStatsMessage','2025-11-27 11:34:22','2025-11-27 11:34:20',25089,1,1),(3107,'WordValidationMessage','2025-11-27 11:34:20','2025-11-27 11:34:22',25146,1,1),(3108,'CaseDetailsMessage','2025-11-27 11:34:34','2025-11-27 11:34:35',25146,1,1),(3109,'TimeStatsMessage','2025-11-27 11:34:39','2025-11-27 11:34:40',25146,1,1),(3110,'WordSendMessage','2025-11-27 11:34:39','2025-11-27 11:34:40',25146,1,1),(3111,'TimeStatsMessage','2025-11-27 11:34:40','2025-11-27 11:34:41',25146,1,1),(3112,'TimeStatsMessage','2025-11-27 11:34:40','2025-11-27 11:34:41',25146,1,1);
/*!40000 ALTER TABLE `message` ENABLE KEYS */;
UNLOCK TABLES;

--
-- Table structure for table `play_game_message`
--

DROP TABLE IF EXISTS `play_game_message`;
/*!40101 SET @saved_cs_client     = @@character_set_client */;
/*!40101 SET character_set_client = utf8 */;
CREATE TABLE `play_game_message` (
  `id` int(11) NOT NULL,
  PRIMARY KEY (`id`),
  CONSTRAINT `play_game_message_ibfk_1` FOREIGN KEY (`id`) REFERENCES `message` (`id`)
) ENGINE=InnoDB DEFAULT CHARSET=latin1;
/*!40101 SET character_set_client = @saved_cs_client */;

--
-- Dumping data for table `play_game_message`
--

LOCK TABLES `play_game_message` WRITE;
/*!40000 ALTER TABLE `play_game_message` DISABLE KEYS */;
INSERT INTO `play_game_message` VALUES (1),(3),(5),(7),(9),(11),(14),(15),(18),(20),(21),(23),(26),(27),(30),(32),(35),(40),(45),(51),(64),(78),(83),(200),(701),(867),(1222),(2207);
/*!40000 ALTER TABLE `play_game_message` ENABLE KEYS */;
UNLOCK TABLES;

--
-- Table structure for table `power_up_message`
--

DROP TABLE IF EXISTS `power_up_message`;
/*!40101 SET @saved_cs_client     = @@character_set_client */;
/*!40101 SET character_set_client = utf8 */;
CREATE TABLE `power_up_message` (
  `id` int(11) NOT NULL,
  `powerupType` int(11) DEFAULT NULL,
  `powerup` tinyint(1) DEFAULT NULL,
  `powerupUtilizado` int(11) DEFAULT NULL,
  PRIMARY KEY (`id`),
  CONSTRAINT `power_up_message_ibfk_1` FOREIGN KEY (`id`) REFERENCES `message` (`id`)
) ENGINE=InnoDB DEFAULT CHARSET=latin1;
/*!40101 SET character_set_client = @saved_cs_client */;

--
-- Dumping data for table `power_up_message`
--

LOCK TABLES `power_up_message` WRITE;
/*!40000 ALTER TABLE `power_up_message` DISABLE KEYS */;
INSERT INTO `power_up_message` VALUES (65,2,1,1),(74,2,1,1),(89,2,1,1),(90,2,1,1),(93,2,1,1),(99,2,1,1),(105,2,1,1),(110,2,1,1),(114,2,1,2),(125,2,1,2),(128,2,1,3),(140,3,1,1),(143,2,1,1),(147,2,1,2),(166,2,1,3),(173,2,1,1),(180,2,1,1),(181,2,1,3),(193,2,1,2),(196,2,1,2),(197,2,1,1),(198,2,1,2),(199,2,1,1),(203,2,1,2),(216,3,1,3),(253,2,1,1),(262,2,1,3),(263,2,1,3),(267,2,1,1),(289,2,1,1),(296,2,1,1),(304,3,1,4),(333,2,1,1),(343,3,1,5),(350,2,1,4),(366,2,1,2),(377,2,1,2),(394,2,1,2),(397,2,1,2),(444,3,1,3),(454,3,1,4),(509,3,1,2),(522,2,1,3),(569,2,1,2),(577,1,1,3),(645,2,1,1),(708,2,1,1),(742,3,1,2),(753,2,1,3),(756,3,1,2),(760,2,1,1),(762,3,1,1),(780,2,1,1),(800,2,1,1),(804,2,1,1),(808,1,1,1),(811,2,1,2),(834,2,1,1),(851,2,1,2),(862,2,1,2),(864,2,1,3),(876,3,1,3),(888,2,1,4),(904,3,1,3),(941,1,1,1),(956,3,1,4),(1003,2,1,1),(1005,2,1,2),(1030,3,1,1),(1032,2,1,2),(1086,2,1,3),(1091,2,1,1),(1113,3,1,1),(1121,2,1,1),(1139,2,1,2),(1144,2,1,2),(1162,2,1,1),(1184,3,1,3),(1187,1,1,3),(1193,2,1,3),(1234,1,1,4),(1241,2,1,4),(1282,2,1,1),(1286,2,1,1),(1291,2,1,1),(1292,1,1,1),(1294,1,1,1),(1316,1,1,2),(1317,1,1,3),(1319,1,1,4),(1404,2,1,2),(1407,2,1,1),(1414,2,1,2),(1421,2,1,1),(1436,3,1,1),(1447,1,1,5),(1474,1,1,3),(1485,2,1,1),(1489,2,1,1),(1521,1,1,3),(1524,1,1,2),(1530,2,1,2),(1532,2,1,2),(1563,2,1,1),(1578,2,1,3),(1602,2,1,1),(1638,3,1,1),(1639,3,1,2),(1646,2,1,1),(1661,2,1,2),(1666,1,1,4),(1670,4,1,2),(1671,2,1,1),(1703,1,1,1),(1707,1,1,2),(1711,1,1,3),(1714,2,1,1),(1719,4,1,2),(1721,2,1,4),(1724,3,1,2),(1733,1,1,3),(1742,1,1,3),(1743,1,1,4),(1748,1,1,4),(1749,2,1,2),(1752,2,1,5),(1819,2,1,2),(1820,2,1,1),(1830,2,1,1),(1836,2,1,3),(1837,2,1,2),(1863,1,1,2),(1866,1,1,1),(1874,2,1,3),(1875,1,1,5),(1880,2,1,2),(1909,2,1,3),(1921,2,1,3),(1923,1,1,1),(1925,1,1,2),(1927,1,1,3),(1929,1,1,4),(1930,1,1,5),(1931,1,1,6),(1933,4,1,3),(1939,1,1,1),(1941,1,1,2),(1943,2,1,2),(1950,4,1,1),(1967,4,1,2),(1970,4,1,3),(1971,4,1,4),(1980,2,1,4),(2007,1,1,3),(2016,4,1,5),(2021,4,1,6),(2023,4,1,3),(2024,4,1,7),(2043,2,1,3),(2059,1,1,2),(2074,4,1,1),(2076,4,1,2),(2145,1,1,4),(2158,2,1,1),(2179,2,1,1),(2189,2,1,1),(2193,2,1,1),(2198,1,1,1),(2203,2,1,2),(2215,2,1,2),(2226,2,1,3),(2233,2,1,3),(2237,2,1,1),(2244,2,1,2),(2254,2,1,1),(2270,2,1,4),(2276,2,1,2),(2280,2,1,2),(2298,2,1,1),(2407,4,1,3),(2451,2,1,1),(2455,2,1,1),(2457,3,1,2),(2469,1,1,3),(2471,1,1,1),(2477,2,1,2),(2486,2,1,2),(2491,2,1,2),(2512,3,1,5),(2524,4,1,6),(2525,4,1,7),(2544,2,1,1),(2569,2,1,2),(2570,2,1,3),(2584,2,1,3),(2617,2,1,1),(2659,2,1,1),(2668,1,1,1),(2672,2,1,2),(2673,2,1,1),(2677,1,1,1),(2678,2,1,2),(2693,3,1,2),(2702,1,1,3),(2704,3,1,3),(2712,2,1,4),(2713,2,1,2),(2721,1,1,1),(2722,1,1,2),(2723,4,1,3),(2724,1,1,3),(2741,3,1,5),(2744,2,1,1),(2752,1,1,4),(2756,2,1,5),(2764,2,1,3),(2772,4,1,6),(2775,4,1,7),(2776,4,1,8),(2784,1,1,2),(2804,2,1,4),(2806,2,1,1),(2814,1,1,3),(2815,3,1,4),(2816,2,1,2),(2843,2,1,3),(2870,2,1,3),(2918,2,1,4),(2922,1,1,4),(2923,1,1,5),(2926,2,1,5),(2940,4,1,6),(2943,4,1,7),(2950,2,1,1),(2955,2,1,2),(2960,3,1,1),(2990,1,1,3),(3020,2,1,1),(3039,2,1,4),(3044,2,1,2),(3046,4,1,2),(3065,2,1,1);
/*!40000 ALTER TABLE `power_up_message` ENABLE KEYS */;
UNLOCK TABLES;

--
-- Table structure for table `time_stats_message`
--

DROP TABLE IF EXISTS `time_stats_message`;
/*!40101 SET @saved_cs_client     = @@character_set_client */;
/*!40101 SET character_set_client = utf8 */;
CREATE TABLE `time_stats_message` (
  `id` int(11) NOT NULL,
  `timeEvent` int(11) NOT NULL,
  `timeType` int(11) NOT NULL,
  `level` varchar(30) DEFAULT NULL,
  PRIMARY KEY (`id`),
  CONSTRAINT `time_stats_message_ibfk_1` FOREIGN KEY (`id`) REFERENCES `message` (`id`)
) ENGINE=InnoDB DEFAULT CHARSET=latin1;
/*!40101 SET character_set_client = @saved_cs_client */;

--
-- Dumping data for table `time_stats_message`
--

LOCK TABLES `time_stats_message` WRITE;
/*!40000 ALTER TABLE `time_stats_message` DISABLE KEYS */;
INSERT INTO `time_stats_message` VALUES (2,0,0,'None'),(4,0,0,'None'),(6,0,0,'None'),(8,0,0,'None'),(10,0,0,'None'),(12,0,0,'None'),(13,0,0,'None'),(16,0,0,'None'),(17,0,0,'None'),(19,0,0,'None'),(22,0,0,'None'),(24,0,0,'None'),(25,0,0,'None'),(28,0,0,'None'),(29,0,0,'None'),(33,0,0,'None'),(34,0,0,'None'),(41,0,0,'None'),(46,0,0,'None'),(52,0,0,'None'),(63,0,0,'None'),(77,0,0,'None'),(84,0,0,'None'),(201,0,0,'None'),(233,1,0,'0'),(238,1,0,'0'),(306,1,0,'0'),(404,1,0,'0'),(447,1,0,'0'),(452,1,0,'0'),(465,1,0,'0'),(467,1,0,'0'),(478,1,0,'0'),(486,1,0,'0'),(495,1,0,'0'),(515,1,0,'0'),(541,1,0,'0'),(559,1,0,'0'),(593,1,0,'0'),(609,1,0,'0'),(625,1,0,'0'),(644,1,0,'1'),(684,1,0,'0'),(702,0,0,'None'),(727,1,0,'0'),(793,1,1,'0'),(814,1,1,'0'),(829,1,1,'0'),(831,1,1,'0'),(844,1,0,'1'),(847,1,0,'1'),(850,1,0,'1'),(866,0,0,'None'),(875,1,0,'1'),(878,1,0,'0'),(879,1,1,'0'),(886,1,0,'1'),(898,1,0,'0'),(1026,1,0,'0'),(1066,1,1,'1'),(1149,1,1,'0'),(1157,1,0,'2'),(1165,1,1,'0'),(1192,1,0,'1'),(1215,1,1,'1'),(1218,1,0,'1'),(1221,0,0,'None'),(1230,1,1,'1'),(1237,1,0,'0'),(1239,1,0,'2'),(1245,1,0,'2'),(1272,1,1,'1'),(1336,1,0,'2'),(1385,1,1,'0'),(1389,1,1,'0'),(1426,1,0,'1'),(1443,1,0,'1'),(1528,1,1,'0'),(1583,1,0,'1'),(1595,1,1,'0'),(1649,1,0,'1'),(1726,1,0,'1'),(1728,1,1,'2'),(1731,0,1,'None'),(1732,0,1,'None'),(1765,1,1,'2'),(1767,1,1,'1'),(1769,0,1,'None'),(1770,0,1,'None'),(1816,1,0,'2'),(1839,1,0,'0'),(1965,1,1,'1'),(1985,1,1,'0'),(1990,1,1,'1'),(1994,1,1,'1'),(1998,1,1,'0'),(2005,1,0,'1'),(2009,1,0,'1'),(2028,1,0,'0'),(2033,1,0,'0'),(2048,1,1,'1'),(2077,1,1,'0'),(2096,1,1,'1'),(2098,1,0,'0'),(2104,1,0,'1'),(2106,1,1,'0'),(2111,1,1,'2'),(2113,0,1,'None'),(2114,0,1,'None'),(2117,1,0,'2'),(2120,1,1,'2'),(2124,0,1,'None'),(2125,0,1,'None'),(2129,1,0,'2'),(2134,1,0,'1'),(2160,1,1,'1'),(2164,1,0,'2'),(2201,1,0,'1'),(2208,0,0,'None'),(2267,1,0,'0'),(2274,1,1,'0'),(2277,1,1,'0'),(2317,1,1,'0'),(2327,1,0,'1'),(2334,1,0,'2'),(2343,1,1,'2'),(2347,0,1,'None'),(2349,0,1,'None'),(2350,0,1,'None'),(2355,0,1,'None'),(2356,0,1,'None'),(2365,1,1,'1'),(2377,1,1,'1'),(2386,1,0,'2'),(2397,1,0,'2'),(2401,1,0,'2'),(2412,1,1,'1'),(2420,1,1,'1'),(2440,1,0,'1'),(2442,1,1,'0'),(2445,1,1,'0'),(2460,1,0,'1'),(2466,1,0,'1'),(2473,1,0,'1'),(2483,1,1,'1'),(2489,1,0,'0'),(2517,1,0,'0'),(2523,1,0,'2'),(2531,1,1,'2'),(2536,0,1,'None'),(2537,0,1,'None'),(2648,1,1,'2'),(2651,0,1,'None'),(2652,0,1,'None'),(2732,1,1,'1'),(2754,1,0,'2'),(2770,1,0,'2'),(2778,1,1,'2'),(2781,0,1,'None'),(2782,0,1,'None'),(2790,1,1,'1'),(2799,1,1,'1'),(2825,1,0,'2'),(2834,1,0,'2'),(2882,1,1,'0'),(2897,1,1,'0'),(2908,1,0,'2'),(2909,1,1,'2'),(2911,0,1,'None'),(2912,0,1,'None'),(2928,1,0,'1'),(2945,1,1,'2'),(2947,0,1,'None'),(2948,0,1,'None'),(2994,1,1,'2'),(2996,0,1,'None'),(2997,0,1,'None'),(3028,1,1,'2'),(3030,0,1,'None'),(3031,0,1,'None'),(3050,1,1,'2'),(3052,0,1,'None'),(3053,0,1,'None'),(3054,1,1,'1'),(3060,1,0,'2'),(3099,1,1,'2'),(3101,0,1,'None'),(3102,0,1,'None'),(3104,0,1,'None'),(3105,0,1,'None'),(3106,0,1,'None'),(3109,1,1,'2'),(3111,0,1,'None'),(3112,0,1,'None');
/*!40000 ALTER TABLE `time_stats_message` ENABLE KEYS */;
UNLOCK TABLES;

--
-- Table structure for table `word_send_message`
--

DROP TABLE IF EXISTS `word_send_message`;
/*!40101 SET @saved_cs_client     = @@character_set_client */;
/*!40101 SET character_set_client = utf8 */;
CREATE TABLE `word_send_message` (
  `id` int(11) NOT NULL,
  `palavraCorreta` tinyint(1) DEFAULT NULL,
  PRIMARY KEY (`id`),
  CONSTRAINT `word_send_message_ibfk_1` FOREIGN KEY (`id`) REFERENCES `message` (`id`)
) ENGINE=InnoDB DEFAULT CHARSET=latin1;
/*!40101 SET character_set_client = @saved_cs_client */;

--
-- Dumping data for table `word_send_message`
--

LOCK TABLES `word_send_message` WRITE;
/*!40000 ALTER TABLE `word_send_message` DISABLE KEYS */;
INSERT INTO `word_send_message` VALUES (39,1),(54,1),(71,1),(75,1),(76,1),(81,1),(86,1),(87,1),(88,0),(91,0),(100,1),(101,1),(102,0),(109,1),(111,1),(112,1),(124,1),(133,0),(134,1),(136,1),(137,1),(138,1),(144,1),(146,0),(148,0),(153,0),(154,1),(155,1),(158,1),(159,1),(160,0),(161,1),(163,0),(165,0),(167,0),(169,0),(174,1),(184,0),(187,1),(194,1),(213,1),(214,1),(215,1),(220,1),(224,1),(228,0),(231,1),(235,1),(236,1),(241,0),(242,1),(245,1),(246,0),(251,1),(255,0),(256,0),(259,1),(264,1),(268,0),(270,0),(272,0),(279,1),(280,0),(281,1),(286,0),(287,0),(291,1),(292,0),(295,1),(298,0),(299,0),(300,1),(301,0),(302,1),(303,1),(308,1),(309,0),(311,1),(313,1),(314,1),(315,1),(316,0),(318,1),(321,0),(322,0),(324,1),(326,1),(327,0),(328,1),(329,1),(330,0),(331,0),(332,0),(334,0),(335,1),(336,0),(337,1),(338,0),(345,0),(347,1),(351,0),(353,0),(354,1),(357,1),(360,0),(361,0),(362,0),(363,0),(364,1),(367,1),(368,0),(369,1),(370,1),(371,0),(372,1),(374,0),(378,1),(380,0),(384,0),(385,1),(386,0),(388,1),(390,1),(391,0),(395,1),(396,0),(399,1),(400,0),(402,1),(405,1),(409,1),(411,1),(412,0),(416,0),(417,1),(418,0),(419,0),(420,0),(421,0),(422,0),(424,0),(425,0),(426,0),(427,1),(429,1),(430,1),(434,0),(439,0),(445,1),(448,1),(449,0),(457,0),(461,1),(463,1),(469,0),(470,0),(471,1),(472,1),(475,1),(476,0),(480,0),(482,1),(487,1),(491,0),(497,0),(501,1),(502,0),(504,1),(506,0),(507,0),(508,0),(510,1),(519,0),(523,1),(524,1),(526,0),(528,1),(529,0),(532,0),(536,1),(537,1),(542,1),(543,1),(544,0),(545,0),(546,0),(547,1),(548,0),(551,1),(552,0),(553,1),(554,1),(555,0),(556,1),(561,1),(563,0),(567,1),(568,1),(574,0),(578,0),(580,1),(582,0),(583,0),(588,1),(589,1),(591,0),(596,1),(599,1),(601,0),(602,1),(606,0),(610,0),(611,1),(613,1),(614,0),(617,1),(619,0),(627,0),(629,1),(631,1),(635,0),(636,0),(638,0),(641,0),(642,0),(647,1),(648,1),(649,0),(650,1),(651,1),(656,0),(657,0),(658,1),(659,0),(661,0),(664,1),(671,0),(672,1),(673,0),(674,0),(675,1),(677,0),(678,0),(680,0),(685,0),(686,0),(687,1),(688,0),(691,1),(692,1),(693,0),(694,0),(696,1),(698,0),(699,0),(703,1),(709,0),(714,0),(715,1),(718,0),(719,1),(720,1),(722,0),(723,1),(726,0),(730,0),(731,1),(733,0),(734,0),(735,0),(736,1),(737,0),(738,0),(740,1),(741,0),(743,0),(746,1),(748,0),(749,1),(750,1),(751,0),(754,0),(761,0),(763,0),(766,1),(767,0),(769,0),(771,0),(772,1),(773,1),(775,0),(776,1),(779,1),(781,1),(782,1),(783,0),(785,1),(788,0),(789,1),(791,1),(792,0),(794,1),(796,1),(797,1),(798,0),(799,1),(801,0),(803,0),(805,0),(807,1),(809,1),(810,0),(813,1),(815,1),(817,1),(820,0),(822,1),(823,0),(824,0),(827,0),(830,1),(832,1),(837,1),(845,0),(846,0),(852,1),(853,0),(857,0),(860,0),(861,1),(868,1),(871,1),(873,1),(880,1),(881,1),(882,1),(883,1),(884,1),(890,0),(894,0),(895,0),(897,1),(901,1),(902,1),(903,0),(906,1),(912,1),(915,0),(916,1),(918,0),(920,1),(922,0),(923,1),(924,1),(926,1),(928,1),(930,1),(932,0),(935,0),(938,1),(942,0),(944,1),(945,1),(948,0),(949,0),(950,1),(951,1),(955,0),(961,0),(965,0),(967,1),(970,0),(971,0),(973,0),(974,1),(978,0),(979,0),(981,0),(982,0),(983,0),(984,1),(986,1),(987,1),(988,1),(990,1),(992,0),(993,1),(994,0),(995,0),(996,1),(997,0),(999,1),(1000,1),(1001,0),(1007,0),(1010,1),(1011,1),(1012,0),(1013,0),(1016,0),(1018,0),(1019,0),(1020,1),(1021,1),(1022,0),(1023,0),(1024,0),(1028,0),(1029,1),(1040,1),(1041,0),(1054,0),(1063,0),(1067,1),(1072,1),(1073,0),(1085,1),(1089,1),(1092,0),(1093,0),(1095,0),(1099,1),(1109,0),(1116,0),(1118,1),(1119,0),(1131,1),(1138,1),(1140,1),(1150,1),(1151,1),(1153,1),(1155,0),(1159,0),(1160,1),(1161,1),(1163,1),(1164,1),(1166,1),(1167,0),(1170,0),(1175,0),(1178,0),(1181,0),(1186,0),(1189,0),(1190,1),(1196,1),(1197,0),(1200,0),(1201,1),(1202,0),(1206,1),(1208,0),(1209,0),(1212,1),(1213,0),(1216,1),(1217,1),(1220,1),(1225,0),(1226,0),(1227,0),(1228,1),(1229,1),(1231,1),(1232,1),(1235,0),(1238,0),(1242,1),(1243,0),(1247,0),(1249,0),(1252,1),(1253,0),(1254,1),(1256,0),(1258,0),(1259,0),(1260,0),(1261,0),(1263,0),(1265,0),(1269,0),(1270,0),(1273,1),(1278,1),(1284,1),(1285,0),(1288,1),(1293,1),(1307,0),(1308,1),(1310,1),(1311,0),(1320,0),(1322,1),(1324,0),(1327,0),(1332,0),(1338,0),(1343,0),(1346,0),(1350,0),(1354,1),(1358,0),(1365,0),(1367,1),(1368,0),(1370,1),(1371,0),(1373,0),(1374,1),(1376,0),(1379,1),(1381,0),(1382,0),(1383,0),(1386,1),(1387,1),(1388,0),(1390,1),(1395,0),(1401,1),(1417,0),(1420,0),(1422,0),(1424,1),(1429,0),(1433,0),(1435,1),(1438,1),(1441,0),(1444,1),(1448,0),(1451,0),(1452,1),(1454,0),(1455,0),(1458,0),(1460,0),(1461,0),(1462,0),(1464,1),(1465,0),(1466,1),(1468,0),(1470,1),(1472,0),(1477,0),(1478,0),(1483,0),(1484,0),(1492,1),(1493,1),(1494,0),(1496,1),(1497,1),(1498,1),(1500,0),(1501,0),(1503,0),(1504,1),(1509,0),(1510,1),(1511,0),(1514,0),(1517,0),(1519,1),(1520,1),(1522,0),(1525,1),(1527,0),(1529,1),(1531,0),(1533,1),(1534,0),(1536,1),(1537,1),(1538,1),(1540,0),(1541,1),(1542,0),(1544,0),(1545,1),(1546,0),(1547,0),(1549,0),(1550,0),(1552,0),(1555,0),(1556,0),(1557,1),(1559,1),(1561,1),(1564,1),(1565,0),(1566,1),(1567,0),(1568,1),(1569,0),(1571,1),(1573,0),(1575,0),(1576,0),(1577,1),(1579,1),(1581,0),(1586,0),(1587,0),(1588,0),(1590,1),(1594,0),(1596,1),(1599,0),(1600,1),(1605,1),(1606,1),(1609,1),(1610,1),(1612,0),(1613,0),(1614,0),(1616,1),(1618,0),(1620,0),(1621,1),(1622,0),(1623,0),(1624,0),(1625,1),(1626,0),(1628,1),(1630,0),(1631,1),(1632,1),(1633,0),(1635,1),(1636,0),(1641,0),(1642,1),(1643,1),(1644,0),(1645,1),(1647,1),(1651,1),(1652,1),(1653,1),(1655,1),(1660,1),(1662,0),(1668,0),(1673,0),(1675,1),(1676,0),(1678,0),(1680,1),(1682,0),(1683,0),(1684,1),(1685,1),(1687,1),(1688,0),(1689,1),(1690,1),(1693,0),(1694,1),(1696,0),(1697,0),(1701,0),(1702,0),(1705,1),(1706,1),(1710,0),(1713,0),(1715,0),(1722,0),(1729,1),(1730,0),(1739,0),(1741,1),(1745,1),(1753,1),(1754,0),(1758,1),(1760,0),(1761,0),(1762,0),(1763,1),(1764,1),(1766,1),(1768,1),(1771,0),(1772,0),(1773,0),(1774,0),(1776,0),(1779,1),(1780,0),(1781,1),(1784,1),(1785,0),(1786,0),(1787,0),(1791,0),(1792,0),(1795,0),(1796,1),(1797,0),(1798,0),(1799,0),(1801,0),(1803,1),(1806,1),(1807,1),(1808,1),(1810,0),(1811,0),(1814,0),(1825,1),(1832,1),(1835,0),(1840,0),(1841,1),(1850,1),(1853,1),(1855,1),(1857,0),(1858,0),(1862,0),(1867,1),(1871,0),(1877,1),(1878,0),(1881,0),(1887,1),(1894,0),(1897,0),(1900,0),(1902,1),(1910,1),(1912,0),(1913,0),(1915,0),(1916,1),(1918,0),(1920,0),(1922,0),(1924,0),(1926,0),(1928,1),(1936,0),(1938,1),(1940,0),(1942,0),(1944,0),(1945,0),(1947,0),(1948,0),(1949,1),(1951,0),(1952,0),(1953,0),(1954,0),(1955,1),(1956,1),(1957,0),(1958,0),(1960,0),(1963,0),(1964,0),(1966,1),(1969,0),(1972,0),(1973,1),(1974,0),(1975,1),(1978,1),(1979,1),(1981,0),(1984,0),(1986,1),(1988,0),(1991,1),(1992,0),(1993,1),(1995,1),(1996,0),(1997,1),(1999,1),(2004,1),(2010,1),(2012,1),(2013,0),(2015,0),(2017,1),(2018,1),(2019,0),(2025,0),(2026,0),(2030,0),(2036,1),(2037,0),(2038,1),(2039,1),(2040,0),(2041,0),(2042,0),(2044,1),(2045,0),(2046,1),(2049,1),(2050,1),(2051,0),(2052,1),(2053,0),(2054,0),(2056,0),(2057,0),(2058,1),(2060,1),(2061,1),(2062,1),(2063,0),(2064,0),(2065,0),(2069,1),(2070,0),(2071,0),(2073,1),(2075,1),(2078,1),(2079,1),(2080,0),(2081,1),(2082,0),(2083,0),(2084,1),(2086,0),(2088,1),(2090,1),(2091,1),(2092,0),(2093,1),(2094,0),(2095,1),(2097,1),(2105,1),(2107,1),(2110,0),(2112,1),(2121,1),(2122,1),(2123,0),(2126,1),(2130,1),(2137,0),(2138,0),(2143,1),(2144,0),(2147,0),(2149,0),(2151,1),(2153,1),(2161,1),(2168,1),(2169,1),(2174,0),(2176,1),(2177,0),(2178,0),(2180,0),(2182,1),(2183,1),(2197,0),(2199,1),(2200,1),(2205,1),(2209,1),(2210,1),(2211,1),(2213,0),(2214,0),(2217,1),(2218,1),(2220,0),(2221,0),(2223,1),(2224,0),(2225,0),(2230,1),(2231,0),(2232,0),(2236,1),(2238,0),(2243,0),(2246,0),(2250,0),(2252,0),(2257,1),(2261,1),(2262,1),(2265,1),(2268,1),(2272,0),(2275,1),(2278,1),(2283,1),(2285,1),(2288,1),(2301,0),(2303,0),(2305,0),(2311,0),(2312,0),(2318,1),(2320,0),(2326,1),(2329,0),(2331,1),(2332,0),(2336,0),(2338,1),(2340,0),(2342,0),(2344,1),(2345,1),(2346,1),(2351,0),(2353,0),(2354,0),(2357,1),(2359,1),(2360,1),(2363,1),(2366,1),(2367,1),(2368,1),(2369,0),(2370,0),(2371,0),(2372,1),(2373,0),(2374,1),(2375,0),(2378,1),(2380,0),(2383,0),(2384,0),(2385,0),(2389,0),(2390,0),(2393,0),(2395,1),(2398,1),(2404,1),(2408,0),(2410,0),(2413,1),(2421,1),(2427,0),(2434,0),(2436,0),(2443,1),(2446,1),(2463,1),(2467,1),(2470,0),(2474,1),(2476,0),(2480,0),(2482,0),(2484,1),(2485,1),(2487,0),(2494,0),(2495,0),(2498,0),(2501,1),(2505,0),(2506,0),(2509,0),(2511,0),(2515,0),(2527,0),(2528,0),(2529,0),(2532,1),(2534,1),(2538,0),(2543,0),(2545,1),(2546,0),(2547,1),(2549,0),(2552,1),(2554,1),(2556,0),(2557,0),(2558,0),(2559,0),(2560,0),(2563,0),(2564,0),(2566,0),(2567,0),(2568,1),(2576,0),(2579,0),(2580,0),(2581,1),(2583,1),(2585,0),(2592,0),(2593,1),(2597,0),(2601,0),(2602,1),(2603,1),(2604,1),(2607,0),(2609,1),(2612,1),(2613,0),(2614,1),(2615,0),(2618,0),(2620,1),(2625,1),(2627,1),(2629,0),(2633,0),(2635,0),(2636,0),(2637,1),(2638,0),(2639,1),(2640,0),(2641,0),(2643,0),(2645,0),(2646,0),(2649,1),(2650,0),(2653,0),(2655,0),(2656,0),(2657,0),(2658,0),(2661,0),(2662,0),(2663,0),(2664,1),(2666,0),(2667,0),(2670,0),(2671,1),(2676,0),(2680,0),(2682,1),(2683,1),(2685,0),(2687,0),(2688,0),(2689,1),(2690,1),(2694,0),(2695,0),(2696,0),(2697,1),(2698,0),(2699,0),(2700,0),(2703,0),(2705,0),(2706,1),(2707,0),(2708,0),(2709,0),(2710,0),(2711,0),(2716,0),(2719,0),(2720,1),(2725,0),(2726,0),(2727,1),(2728,0),(2729,0),(2731,0),(2733,1),(2734,0),(2735,0),(2736,1),(2737,1),(2738,0),(2739,1),(2740,0),(2742,0),(2743,0),(2745,0),(2746,1),(2747,1),(2748,0),(2749,0),(2751,1),(2757,0),(2759,1),(2761,0),(2762,0),(2763,0),(2765,1),(2766,0),(2768,1),(2771,1),(2777,1),(2779,1),(2780,0),(2783,0),(2785,0),(2786,0),(2787,1),(2789,0),(2791,1),(2794,0),(2795,0),(2796,0),(2797,0),(2800,1),(2801,0),(2802,1),(2803,0),(2805,0),(2807,1),(2811,1),(2818,1),(2822,0),(2835,0),(2838,1),(2839,0),(2840,0),(2844,0),(2846,0),(2847,1),(2848,0),(2849,0),(2850,0),(2852,0),(2853,0),(2860,0),(2867,0),(2871,1),(2878,1),(2883,1),(2888,1),(2891,1),(2896,0),(2898,1),(2906,0),(2910,1),(2914,1),(2916,1),(2919,1),(2924,1),(2925,1),(2934,0),(2935,1),(2939,1),(2944,0),(2946,1),(2949,1),(2953,1),(2954,0),(2958,1),(2966,0),(2969,0),(2970,0),(2983,1),(2986,1),(2995,1),(3004,1),(3009,1),(3010,1),(3011,0),(3012,1),(3014,0),(3015,1),(3016,0),(3018,1),(3021,1),(3024,1),(3026,1),(3027,1),(3029,1),(3033,1),(3035,0),(3036,0),(3037,0),(3038,0),(3041,1),(3042,1),(3043,1),(3051,1),(3055,1),(3063,0),(3064,0),(3067,1),(3068,0),(3069,1),(3070,0),(3071,1),(3072,1),(3073,0),(3074,1),(3075,0),(3076,0),(3077,1),(3078,0),(3079,1),(3080,0),(3081,1),(3082,0),(3083,1),(3084,1),(3085,0),(3086,0),(3087,1),(3089,0),(3092,0),(3093,0),(3095,0),(3096,0),(3097,1),(3100,1),(3110,1);
/*!40000 ALTER TABLE `word_send_message` ENABLE KEYS */;
UNLOCK TABLES;

--
-- Table structure for table `word_validation_message`
--

DROP TABLE IF EXISTS `word_validation_message`;
/*!40101 SET @saved_cs_client     = @@character_set_client */;
/*!40101 SET character_set_client = utf8 */;
CREATE TABLE `word_validation_message` (
  `id` int(11) NOT NULL,
  `word` varchar(30) DEFAULT NULL,
  `correct` tinyint(1) DEFAULT NULL,
  PRIMARY KEY (`id`),
  CONSTRAINT `word_validation_message_ibfk_1` FOREIGN KEY (`id`) REFERENCES `message` (`id`)
) ENGINE=InnoDB DEFAULT CHARSET=latin1;
/*!40101 SET character_set_client = @saved_cs_client */;

--
-- Dumping data for table `word_validation_message`
--

LOCK TABLES `word_validation_message` WRITE;
/*!40000 ALTER TABLE `word_validation_message` DISABLE KEYS */;
INSERT INTO `word_validation_message` VALUES (31,'ajudante',1),(36,'',0),(37,'',0),(38,'',0),(42,'ap',0),(43,'ajuda',0),(44,'ajudante',1),(47,'aj',0),(48,'ajuda',0),(49,'',0),(50,'ajuda',0),(53,'xajuda',0),(55,'ajuda',0),(56,'ajuda',0),(57,'ajudante',1),(58,'ajuda',0),(59,'ajudantes',0),(60,'ajudante',1),(61,'',0),(62,'ajudante',1),(66,'ajudantes',0),(67,'judante',0),(68,'ajudante',1),(69,'',0),(70,'ajudantes',0),(72,'',0),(73,'',0),(80,'ajudante',1),(82,'ajudante',1),(92,'cao',0),(94,'ajudante',1),(95,'londres',1),(96,'ajudante',1),(98,'londres',1),(103,'',0),(106,'',0),(107,'londres',1),(108,'',0),(113,'',0),(115,'pdiil',0),(116,'inimigo',1),(118,'londres',1),(119,'londres',1),(122,'al',0),(123,'ajudante',1),(126,'ajudante',1),(127,'aben',0),(129,'ajudante',1),(130,'aj',0),(131,'inimigo',1),(132,'deducao',1),(139,'ajuda',0),(141,'ajudante',1),(142,'dx',0),(145,'londres',1),(149,'inimigo',1),(150,'londres',1),(151,'londres',1),(152,'autor',1),(156,'iqual',0),(162,'ajudante',1),(164,'ihr',0),(168,'autor',1),(170,'inimigos',0),(172,'qi',0),(175,'de',0),(176,'',0),(177,'deduca',0),(178,'deducao',1),(179,'deducao',1),(183,'',0),(185,'londres',0),(186,'inimigos',0),(189,'inimigo',1),(190,'londres',1),(191,'inimigo',1),(192,'deducao',1),(195,'autor',1),(202,'inimigo',1),(206,'londres',1),(207,'autor',1),(208,'deducao',1),(209,'dante',0),(210,'inimigo',1),(211,'inimigo',1),(212,'londres',1),(217,'ajuda',0),(219,'yp',0),(221,'',0),(222,'ajudantes',0),(223,'autor',1),(225,'',0),(226,'inimigo',1),(227,'inimigo',1),(229,'educao',0),(234,'autor',1),(239,'deducao',1),(240,'londres',1),(243,'padding',1),(244,'educao',0),(250,'londres',1),(252,'od',0),(254,'inimigo',0),(257,'educao',0),(260,'inimigo',1),(261,'bz',0),(265,'londres',1),(269,'i',0),(273,'deducao',1),(275,'autor',1),(276,'inimigo',1),(278,'direct',0),(282,'inimigo',0),(283,'imigo',0),(284,'deducao',1),(285,'direction',1),(288,'ajudant',0),(290,'inimigo',1),(293,'ajudante',1),(294,'flex',1),(297,'deducao',1),(310,'deducao',1),(312,'londres',1),(319,'inimigo',1),(320,'autor',1),(323,'flex',1),(325,'autor',1),(341,'taneituca',0),(342,'taneituca',0),(344,'flex',1),(346,'ajudante',1),(348,'ajudante',1),(349,'ajudante',1),(352,'londres',1),(355,'auto',0),(358,'autor',1),(373,'autort',0),(375,'deducao',1),(376,'deducao',1),(379,'autor',1),(381,'imigoo',0),(382,'margin',1),(383,'inimigo',1),(387,'inimigoo',0),(393,'londres',1),(398,'inimigo',1),(406,'autor',1),(407,'deducao',1),(408,'londres',1),(410,'ajudante',1),(413,'deducao',1),(414,'ajudante',1),(415,'site',0),(423,'autor',1),(428,'ly',0),(431,'autor',1),(432,'amlyrtl',0),(433,'inimigo',1),(437,'lyrtlng',0),(440,'amlyrtlng',0),(453,'de',0),(456,'c',0),(459,'deducao',1),(460,'aitecwr',0),(462,'direction',1),(473,'padding',1),(474,'ap',0),(481,'flex',1),(488,'deducao',1),(489,'',0),(490,'recti',0),(492,'',0),(493,'inimigo',1),(496,'deducao',1),(498,'rection',0),(499,'flex',1),(503,'direction',1),(505,'cc',0),(511,'margin',1),(512,'slv',0),(513,'c',0),(516,'margin',1),(517,'',0),(518,'flex',1),(520,'flex',1),(521,'id',0),(525,'',0),(530,'ideducao',0),(531,'',0),(533,'margin',1),(534,'we',0),(535,'autor',1),(539,'flex',1),(549,'',0),(550,'',0),(560,'c',0),(562,'padding',1),(564,'autor',1),(565,'flvg',0),(566,'directio',0),(570,'ypa',0),(571,'ypa',0),(572,'tem',0),(573,'deducao',1),(575,'direction',1),(576,'tems',0),(579,'flex',1),(581,'padding',1),(584,'pawes',0),(585,'margin',1),(586,'flex',1),(587,'autor',1),(590,'paozmodv',0),(594,'duoe',0),(597,'duo',0),(598,'site',0),(600,'items',1),(604,'em',0),(605,'sitems',0),(607,'rapite',0),(612,'padding',1),(616,'direction',1),(618,'direction',1),(620,'directio',0),(621,'nat',0),(622,'padding',1),(623,'autor',1),(626,'margina',0),(628,'baod',0),(630,'direction',1),(632,'actigi',0),(634,'bx',0),(637,'baodfnzjt',0),(639,'wrap',1),(640,'tem',0),(646,'items',1),(653,'direction',1),(654,'gniddap',1),(655,'padding',1),(660,'rection',0),(662,'mac',0),(663,'padding',1),(665,'margin',1),(668,'padding',1),(669,'londre',0),(670,'e',0),(676,'direction',1),(679,'londres',1),(681,'margin',1),(682,'padding',1),(689,'items',1),(690,'flex',1),(697,'ar',0),(700,'margin',1),(704,'margi',0),(706,'padding',1),(707,'direct',0),(710,'div',1),(711,'direction',1),(712,'margin',1),(713,'deducao',1),(716,'items',1),(717,'padding',1),(721,'padding',1),(724,'inimi',0),(729,'inimigo',1),(732,'items',1),(739,'sv',0),(744,'bor',0),(745,'juxsite',0),(747,'toqp',0),(752,'margin',1),(755,'autor',1),(757,'margin',1),(759,'flex',1),(764,'flex',1),(765,'wrap',1),(768,'m',0),(770,'m',0),(774,'padding',1),(777,'wrap',1),(778,'direction',1),(784,'flex',1),(786,'items',1),(787,'wrap',1),(790,'direction',1),(795,'pinx',0),(802,'wrap',1),(806,'xelf',1),(812,'margin',1),(819,'direction',1),(821,'margin',1),(825,'m',0),(826,'padding',1),(828,'padding',1),(833,'bor',0),(835,'body',1),(836,'flex',1),(838,'margins',0),(839,'margin',0),(840,'bnoac',0),(841,'nigram',1),(842,'margin',1),(854,'padding',1),(855,'t',0),(856,'item',0),(859,'items',1),(863,'items',1),(865,'items',1),(869,'direction',1),(872,'margin',1),(885,'body',1),(889,'bodyg',0),(891,'body',1),(892,'direction',1),(893,'padding',1),(900,'margin',1),(905,'flex',1),(907,'em',0),(908,'items',1),(909,'',0),(910,'',0),(911,'de',0),(913,'went',0),(914,'img',1),(917,'',0),(919,'extensao',1),(921,'direction',1),(925,'doctype',1),(927,'padding',1),(929,'margin',1),(931,'extensao',1),(933,'tref',0),(934,'tref',0),(936,'flex',1),(939,'purocev',0),(940,'doctyp',0),(943,'puroce',0),(946,'doctype',1),(947,'boba',0),(952,'body',1),(953,'extensao',1),(954,'wrap',1),(957,'f',0),(958,'doctype',1),(959,'padding',1),(960,'tensao',0),(962,'doctype',1),(963,'ten',0),(964,'gar',0),(968,'tensa',0),(969,'mar',0),(972,'muflexx',0),(975,'ensao',0),(976,'items',1),(977,'b',0),(980,'flex',1),(985,'div',1),(989,'img',1),(991,'extensao',1),(998,'bt',0),(1002,'btg',0),(1004,'items',1),(1006,'body',1),(1008,'wrap',1),(1009,'div',1),(1014,'wrapy',0),(1015,'padding',1),(1017,'wrapyc',0),(1027,'duo',0),(1031,'miw',0),(1033,'wviaq',0),(1034,'ips',0),(1035,'marginq',0),(1036,'direction',1),(1037,'exxobrjgq',0),(1038,'direction',1),(1039,'jfcr',0),(1042,'margin',1),(1043,'',0),(1044,'wefex',0),(1045,'jdd',0),(1046,'ic',0),(1047,'',0),(1048,'n',0),(1049,'vbtgff',0),(1050,'txo',0),(1051,'cbo',0),(1052,'div',1),(1053,'vl',0),(1055,'mnbjra',0),(1056,'wef',0),(1057,'ype',0),(1058,'img',1),(1059,'glnpi',0),(1060,'nb',0),(1061,'',0),(1062,'',0),(1064,'sd',0),(1065,'ijcopk',0),(1068,'vg',0),(1069,'zayw',0),(1070,'jo',0),(1071,'ok',0),(1074,'ok',0),(1075,'',0),(1076,'q',0),(1077,'wrap',1),(1078,'',0),(1079,'fcs',0),(1080,'sjn',0),(1081,'wqix',0),(1082,'bdapi',0),(1083,'',0),(1084,'',0),(1087,'',0),(1088,'q',0),(1090,'yncpo',0),(1094,'',0),(1096,'div',1),(1097,'items',1),(1098,'csnq',0),(1100,'dxxeugqv',0),(1101,'wv',0),(1102,'flex',1),(1103,'',0),(1104,'muflexx',0),(1105,'margin',1),(1106,'',0),(1107,'fcrhc',0),(1108,'margin',1),(1110,'margin',1),(1111,'qxbg',0),(1112,'dd',0),(1114,'jd',0),(1115,'izycxaw',0),(1117,'kwn',0),(1120,'isctqgpmbmm',0),(1122,'isct',0),(1123,'margin',1),(1124,'',0),(1125,'fr',0),(1126,'rap',0),(1127,'gq',0),(1128,'qfe',0),(1129,'img',1),(1130,'sopcn',0),(1132,'po',0),(1133,'',0),(1134,'nr',0),(1135,'wviaqdbox',0),(1136,'romp',0),(1141,'ii',0),(1143,'boxt',0),(1145,'rompp',0),(1146,'wrap',1),(1147,'flex',1),(1148,'box',0),(1152,'items',1),(1154,'directio',0),(1158,'direction',1),(1168,'direct',0),(1169,'wrap',1),(1171,'bdk',0),(1172,'img',1),(1173,'margin',1),(1174,'directi',0),(1176,'extensa',0),(1177,'wx',0),(1179,'direction',1),(1180,'born',0),(1182,'extensao',1),(1183,'sw',0),(1185,'items',1),(1188,'uglnpi',0),(1194,'rapxaxnsbtd',0),(1195,'',0),(1198,'margin',1),(1199,'hrnckgzd',0),(1203,'flex',1),(1204,'tems',0),(1205,'xnsbtd',0),(1210,'citems',0),(1211,'ti',0),(1214,'directio',0),(1223,'direction',1),(1224,'items',1),(1244,'peal',0),(1248,'poxk',0),(1250,'wirhgt',0),(1251,'pcnjlncqlg',0),(1255,'form',1),(1257,'bo',0),(1262,'sstoh',0),(1264,'obrj',0),(1266,'jf',0),(1267,'padding',1),(1268,'',0),(1271,'mode',0),(1274,'',0),(1275,'padding',1),(1276,'bd',0),(1277,'qip',0),(1279,'kx',0),(1280,'brjgq',0),(1281,'items',1),(1283,'flex',1),(1287,'flex',1),(1289,'izeer',0),(1290,'margin',1),(1295,'flex',1),(1297,'',0),(1298,'deez',0),(1299,'s',0),(1300,'pobdf',0),(1301,'input',1),(1303,'margin',1),(1304,'wrap',1),(1305,'deezri',0),(1306,'directio',0),(1309,'qo',0),(1312,'lk',0),(1313,'doctype',1),(1314,'osc',0),(1315,'',0),(1318,'',0),(1321,'gsopcnjln',0),(1323,'mjogs',0),(1325,'direction',1),(1326,'eils',0),(1328,'psu',0),(1329,'cecsnq',0),(1330,'direct',0),(1331,'dtjz',0),(1333,'',0),(1334,'direction',1),(1335,'',0),(1339,'mdysmri',0),(1340,'aef',0),(1341,'bep',0),(1342,'',0),(1344,'bye',0),(1345,'yr',0),(1347,'yd',0),(1348,'md',0),(1349,'ms',0),(1351,'deo',0),(1352,'us',0),(1353,'dmw',0),(1355,'',0),(1356,'fewfor',0),(1357,'cp',0),(1359,'bcr',0),(1360,'ouma',0),(1361,'ubm',0),(1362,'qokw',0),(1363,'ldn',0),(1364,'',0),(1366,'body',1),(1369,'mn',0),(1372,'ncw',0),(1375,'padding',1),(1378,'value',1),(1380,'',0),(1384,'direction',1),(1391,'form',1),(1393,'mweof',0),(1394,'eof',0),(1396,'place',0),(1397,'div',1),(1398,'placeh',0),(1399,'bepla',0),(1400,'place',0),(1402,'direction',1),(1403,'coioc',0),(1405,'deezrio',0),(1406,'placeholder',1),(1408,'wrap',1),(1409,'flex',1),(1410,'placeholder',1),(1411,'utngo',0),(1412,'body',1),(1413,'wrap',1),(1415,'dee',0),(1416,'wrap',1),(1418,'place',0),(1419,'padding',1),(1423,'deez',0),(1427,'ipuilpe',0),(1428,'placeholder',1),(1430,'jpadding',0),(1431,'doctype',1),(1432,'img',1),(1434,'iuxfle',0),(1437,'placeholder',1),(1439,'izeern',0),(1440,'smeti',1),(1445,'input',1),(1446,'item',0),(1449,'pruvo',0),(1450,'bom',0),(1453,'vp',0),(1456,'',0),(1457,'',0),(1459,'vody',0),(1463,'directio',0),(1467,'direction',1),(1469,'garn',0),(1471,'papdm',0),(1473,'labe',0),(1475,'pap',0),(1476,'label',1),(1479,'bmi',0),(1480,'wrap',0),(1481,'su',0),(1482,'body',1),(1486,'wrap',1),(1487,'input',1),(1488,'value',1),(1490,'form',1),(1491,'coli',0),(1495,'xt',0),(1499,'itemsm',0),(1502,'label',1),(1505,'items',1),(1506,'label',0),(1507,'extensao',1),(1508,'anbor',0),(1512,'margin',1),(1513,'doctype',1),(1515,'item',0),(1516,'a',0),(1518,'form',1),(1523,'items',1),(1526,'input',1),(1535,'label',1),(1539,'cnenu',0),(1543,'img',1),(1548,'',0),(1551,'',0),(1553,'direction',1),(1554,'',0),(1558,'extensao',1),(1562,'div',1),(1570,'doctype',1),(1572,'doc',0),(1574,'doct',0),(1580,'va',0),(1582,'de',0),(1585,'',0),(1589,'deuv',0),(1591,'value',1),(1592,'submita',0),(1593,'cosc',0),(1597,'sub',0),(1598,'extensao',1),(1601,'yjdeuvg',0),(1603,'submi',0),(1604,'kqgsnqcb',0),(1607,'pdoc',0),(1608,'os',0),(1611,'rd',0),(1615,'body',1),(1617,'img',1),(1619,'submit',1),(1627,'det',0),(1629,'flex',1),(1634,'djite',0),(1637,'jitem',0),(1640,'jitemsna',0),(1650,'temsna',0),(1654,'doctype',1),(1656,'jitemsna',0),(1657,'sd',0),(1658,'img',1),(1659,'d',0),(1663,'ji',0),(1664,'body',1),(1665,'',0),(1667,'',0),(1669,'jitems',0),(1672,'do',0),(1674,'direction',1),(1677,'submit',1),(1679,'direction',0),(1681,'doctype',1),(1686,'flex',1),(1691,'div',1),(1695,'cepro',0),(1699,'bfc',0),(1700,'submit',1),(1704,'cl',0),(1708,'submit',1),(1709,'re',0),(1712,'direction',1),(1716,'bodyq',0),(1718,'flex',1),(1720,'body',1),(1723,'ge',0),(1727,'padding',1),(1734,'',0),(1735,'padding',1),(1736,'',0),(1737,'img',1),(1738,'',0),(1740,'',0),(1744,'img',1),(1747,'div',1),(1751,'body',1),(1755,'value',1),(1756,'label',1),(1757,'pir',0),(1759,'extensao',1),(1775,'wwfpjomyi',0),(1778,'wrapw',0),(1782,'wrap',1),(1783,'h',0),(1788,'items',1),(1789,'cq',0),(1790,'padding',1),(1794,'cqrhfjvpl',0),(1800,'caonbuaak',0),(1804,'items',1),(1805,'anbornvxc',0),(1809,'',0),(1812,'wrap',1),(1815,'div',1),(1818,'doc',0),(1822,'div',1),(1823,'items',1),(1824,'isctqgpmbm',0),(1828,'figldoc',0),(1829,'isct',0),(1831,'it',0),(1833,'puro',0),(1834,'doctype',1),(1842,'it',0),(1843,'',0),(1844,'doc',0),(1845,'',0),(1846,'body',1),(1847,'is',0),(1848,'isc',0),(1849,'doct',0),(1851,'idl',0),(1852,'ip',0),(1854,'',0),(1856,'',0),(1859,'isct',0),(1860,'items',1),(1861,'tensao',0),(1864,'isctq',0),(1865,'isctqg',0),(1868,'wrap',1),(1869,'is',0),(1870,'img',1),(1872,'isc',0),(1873,'isct',0),(1876,'isctq',0),(1879,'isctqg',0),(1882,'ted',0),(1883,'extensao',1),(1884,'doctype',1),(1885,'isctqgp',0),(1886,'e',0),(1888,'xelf',1),(1889,'isctqgpm',0),(1890,'isctqgpmb',0),(1892,'deu',0),(1893,'flex',1),(1895,'deuv',0),(1896,'isctqgpmbm',0),(1898,'margin',1),(1899,'it',0),(1901,'ite',0),(1903,'item',0),(1904,'margino',0),(1905,'margi',0),(1906,'items',1),(1907,'doctype',1),(1908,'',0),(1911,'margin',1),(1914,'margin',1),(1917,'extensao',1),(1932,'ppadding',0),(1934,'extensao',1),(1937,'padding',1),(1959,'gniddap',1),(1961,'label',1),(1968,'wrap',1),(1976,'placeholder',1),(1982,'form',1),(1983,'wr',0),(1987,'',0),(1989,'wrap',1),(2000,'value',1),(2001,'inpu',0),(2002,'input',1),(2003,'direction',1),(2011,'padding',1),(2014,'submit',1),(2020,'',0),(2022,'nav',0),(2027,'item',0),(2031,'div',1),(2034,'doctype',1),(2035,'items',1),(2047,'wrap',1),(2066,'doctype',1),(2067,'doctype',1),(2068,'doctype',1),(2072,'div',1),(2085,'extensao',1),(2087,'body',1),(2089,'flex',1),(2101,'body',1),(2102,'wwt',0),(2108,'bod',0),(2109,'body',1),(2115,'jbx',0),(2116,'wrap',1),(2119,'galcve',0),(2127,'div',1),(2131,'direction',1),(2132,'extensaob',0),(2135,'div',1),(2136,'img',1),(2139,'wol',0),(2140,'padding',1),(2141,'mat',0),(2142,'gel',0),(2146,'body',1),(2148,'body',1),(2150,'padding',1),(2152,'place',0),(2154,'',0),(2155,'holder',0),(2156,'hold',0),(2157,'img',1),(2159,'placehold',0),(2162,'placehold',0),(2163,'div',1),(2166,'placeholder',1),(2167,'div',1),(2170,'placeholder',1),(2171,'items',1),(2172,'arf',0),(2173,'zh',0),(2175,'items',1),(2181,'input',1),(2184,'dt',0),(2185,'ed',0),(2186,'ned',0),(2187,'for',0),(2188,'doct',0),(2190,'form',1),(2191,'img',1),(2192,'docty',0),(2194,'flex',1),(2195,'margin',1),(2196,'doctype',1),(2204,'img',1),(2206,'parw',1),(2216,'direction',1),(2219,'hi',0),(2222,'',0),(2227,'nigram',1),(2228,'iet',0),(2229,'if',0),(2234,'im',0),(2235,'input',0),(2239,'zi',0),(2240,'flex',1),(2241,'hi',0),(2242,'',0),(2245,'direction',1),(2248,'',0),(2249,'',0),(2251,'im',0),(2253,'margi',0),(2255,'img',1),(2256,'met',0),(2258,'margin',1),(2259,'div',1),(2260,'label',1),(2263,'pme',0),(2264,'body',1),(2269,'extensao',1),(2271,'extensa',0),(2273,'wrap',1),(2279,'ext',0),(2281,'img',1),(2282,'ex',0),(2284,'epj',0),(2286,'',0),(2287,'ep',0),(2289,'input',1),(2290,'epj',0),(2291,'extensao',1),(2292,'pjg',0),(2293,'e',0),(2294,'epjg',0),(2295,'label',1),(2296,'epjga',0),(2299,'extensao',1),(2300,'ext',0),(2302,'ex',0),(2304,'doctyp',0),(2306,'',0),(2307,'placeholder',1),(2308,'ext',0),(2309,'exte',0),(2310,'doctype',1),(2313,'exten',0),(2314,'extensa',0),(2315,'value',1),(2316,'extens',0),(2319,'extensa',0),(2321,'input',1),(2322,'extensao',1),(2323,'margin',1),(2324,'value',1),(2330,'imiog',0),(2333,'submit',1),(2337,'mioge',0),(2339,'form',1),(2341,'',0),(2348,'submit',1),(2352,'padding',1),(2361,'tlabe',0),(2362,'doctyp',0),(2364,'doctype',1),(2376,'div',1),(2379,'iv',0),(2381,'direction',1),(2388,'bleg',0),(2391,'itemsp',0),(2392,'doctype',0),(2394,'en',0),(2399,'segsdv',0),(2402,'se',0),(2403,'extensao',1),(2405,'eg',0),(2406,'seg',0),(2409,'wpi',0),(2411,'put',0),(2414,'inputi',0),(2415,'input',1),(2416,'mof',0),(2419,'extensao',1),(2422,'ailes',0),(2423,'wreq',0),(2424,'label',1),(2425,'form',1),(2426,'ixi',0),(2428,'extensaob',0),(2429,'sin',0),(2430,'extensao',0),(2431,'berrnh',0),(2433,'submitvs',0),(2435,'submitv',0),(2437,'guc',0),(2438,'label',1),(2441,'imk',0),(2444,'tre',0),(2447,'gem',0),(2448,'img',1),(2449,'placeholder',1),(2450,'emk',0),(2452,'hold',0),(2453,'form',1),(2454,'holderd',0),(2456,'holder',0),(2458,'holder',0),(2461,'label',1),(2462,'placeholder',1),(2464,'hold',0),(2468,'holde',0),(2475,'placeholder',1),(2478,'body',1),(2479,'value',1),(2481,'gril',0),(2490,'mith',0),(2492,'submit',1),(2493,'mithl',0),(2496,'mithlen',0),(2497,'formon',0),(2499,'formo',0),(2500,'submit',1),(2502,'',0),(2503,'mithle',0),(2504,'divrex',0),(2507,'formondl',0),(2508,'numic',0),(2510,'flle',0),(2513,'divrextensa',0),(2514,'site',0),(2519,'site',0),(2520,'divrextensao',0),(2521,'',0),(2526,'directio',0),(2530,'direction',1),(2533,'margin',1),(2535,'ginw',0),(2539,'extensao',1),(2541,'dj',0),(2542,'margin',1),(2548,'form',1),(2550,'extensao',1),(2551,'zvalue',0),(2553,'bor',0),(2555,'value',1),(2561,'form',1),(2562,'dipy',0),(2565,'body',1),(2572,'input',1),(2573,'place',0),(2574,'fodiuh',0),(2575,'value',1),(2577,'body',1),(2578,'fodiu',0),(2582,'ptg',0),(2586,'submith',0),(2587,'doctype',1),(2588,'value',1),(2589,'fle',0),(2590,'submithle',0),(2591,'place',0),(2594,'doctype',1),(2595,'teoplace',0),(2596,'flex',1),(2598,'label',1),(2599,'eoplace',0),(2600,'oplac',0),(2605,'placehold',0),(2606,'placeholde',0),(2608,'hold',0),(2610,'placeholder',1),(2611,'holde',0),(2616,'place',0),(2619,'padding',1),(2621,'forms',0),(2622,'teoplaceholde',0),(2623,'value',1),(2624,'form',1),(2626,'teoplacehold',0),(2628,'golne',0),(2630,'eoplacehol',0),(2631,'goln',0),(2632,'placeholder',1),(2634,'jh',0),(2642,'div',1),(2644,'form',1),(2654,'value',1),(2660,'label',1),(2665,'label',1),(2669,'div',1),(2674,'input',1),(2675,'input',1),(2679,'img',1),(2681,'sub',0),(2684,'direction',1),(2686,'submit',1),(2691,'flexd',0),(2692,'flex',1),(2714,'padding',1),(2715,'subm',0),(2717,'',0),(2718,'submit',1),(2730,'img',1),(2750,'items',1),(2758,'submith',0),(2760,'submit',1),(2767,'item',0),(2773,'ite',0),(2774,'items',1),(2788,'older',0),(2792,'holder',0),(2793,'kc',0),(2798,'form',1),(2808,'lab',0),(2809,'w',0),(2810,'label',1),(2812,'wrap',1),(2813,'wtlik',0),(2817,'wybs',0),(2819,'iy',0),(2820,'llew',0),(2821,'iyd',0),(2823,'iydp',0),(2824,'wdi',0),(2827,'iydpc',0),(2828,'wdimcmivk',0),(2829,'inpu',0),(2830,'t',0),(2831,'input',1),(2832,'wrapn',0),(2836,'lle',0),(2841,'wrap',1),(2842,'submit',1),(2845,'place',0),(2851,'placeh',0),(2854,'paikcg',0),(2855,'placeho',0),(2856,'sduw',0),(2857,'jsll',0),(2858,'pl',0),(2859,'qh',0),(2861,'fh',0),(2862,'pla',0),(2863,'',0),(2864,'plac',0),(2865,'jxgefelt',0),(2868,'',0),(2869,'place',0),(2873,'np',0),(2874,'pnp',0),(2875,'input',1),(2876,'apnp',0),(2877,'zapnp',0),(2879,'pl',0),(2880,'pla',0),(2881,'plac',0),(2884,'place',0),(2885,'form',1),(2886,'place',0),(2887,'placeh',0),(2889,'placeho',0),(2890,'placehol',0),(2892,'ommyid',0),(2893,'placehold',0),(2894,'',0),(2895,'',0),(2899,'placeholde',0),(2900,'',0),(2901,'yt',0),(2902,'lj',0),(2903,'',0),(2904,'',0),(2905,'placeholder',1),(2913,'alabe',0),(2915,'label',1),(2917,'place',0),(2920,'sub',0),(2921,'submit',1),(2929,'paik',0),(2930,'val',0),(2931,'va',0),(2932,'value',1),(2933,'felt',0),(2936,'felty',0),(2937,'',0),(2938,'felty',0),(2941,'',0),(2942,'div',1),(2951,'doctype',1),(2952,'input',1),(2956,'place',0),(2957,'',0),(2959,'place',0),(2961,'plac',0),(2962,'pl',0),(2963,'pam',0),(2964,'',0),(2965,'',0),(2967,'place',0),(2968,'',0),(2971,'placehol',0),(2972,'plac',0),(2973,'input',1),(2974,'placeholde',0),(2975,'kp',0),(2976,'placeholder',1),(2977,'pla',0),(2978,'pla',0),(2979,'label',1),(2980,'placeholder',1),(2981,'value',1),(2982,'gueekp',0),(2984,'placeholde',0),(2985,'placeholder',1),(2987,'itae',0),(2988,'',0),(2989,'submit',1),(2991,'input',1),(2992,'eti',0),(2993,'',0),(2998,'br',0),(2999,'bibr',0),(3000,'form',1),(3001,'bomhv',0),(3002,'bom',0),(3003,'alue',0),(3005,'body',1),(3006,'etiub',0),(3007,'',0),(3008,'value',1),(3013,'form',1),(3017,'label',1),(3019,'bmitaei',0),(3022,'submit',1),(3023,'spam',0),(3025,'img',1),(3032,'',0),(3034,'submit',1),(3040,'value',1),(3045,'extensao',1),(3049,'input',1),(3056,'submit',1),(3057,'label',1),(3058,'value',1),(3061,'placeholder',1),(3066,'form',1),(3088,'placeholder',1),(3090,'submitmi',0),(3091,'submit',1),(3094,'input',1),(3098,'form',1),(3103,'label',1),(3107,'value',1);
/*!40000 ALTER TABLE `word_validation_message` ENABLE KEYS */;
UNLOCK TABLES;
/*!40103 SET TIME_ZONE=@OLD_TIME_ZONE */;

/*!40101 SET SQL_MODE=@OLD_SQL_MODE */;
/*!40014 SET FOREIGN_KEY_CHECKS=@OLD_FOREIGN_KEY_CHECKS */;
/*!40014 SET UNIQUE_CHECKS=@OLD_UNIQUE_CHECKS */;
/*!40101 SET CHARACTER_SET_CLIENT=@OLD_CHARACTER_SET_CLIENT */;
/*!40101 SET CHARACTER_SET_RESULTS=@OLD_CHARACTER_SET_RESULTS */;
/*!40101 SET COLLATION_CONNECTION=@OLD_COLLATION_CONNECTION */;
/*!40111 SET SQL_NOTES=@OLD_SQL_NOTES */;

-- Dump completed on 2025-11-27 17:45:08
